Date,24h Average,Ask,Bid,Last,Total Volume
7/28/2016,658.84,659.64,658.59,659.46,25145.6
7/27/2016,657.03,658.33,657.81,658.2,42261.27
7/26/2016,655.86,657.26,656.56,657.15,46804.25
7/25/2016,658.42,657.75,657.48,657.63,34190.29
7/24/2016,660.31,662.62,661.98,662.19,35674.12
7/23/2016,655.82,657.56,656.74,657.32,35918.05
7/22/2016,664.69,649.54,648.96,649.1,53703.06
7/21/2016,667.24,668.17,667.77,668.11,29696.95
7/20/2016,673.41,668.75,667.93,668.12,33304.48
7/19/2016,673.97,677,676.48,676.6,27709.05
7/18/2016,678.41,675.65,675.19,675.5,45421.26
7/17/2016,673.45,678.97,678.23,678.62,38812.15
7/16/2016,668.21,666.55,666.03,666.13,20248.28
7/15/2016,666.03,666.55,666.22,666.69,40201.17
7/14/2016,659.9,661.32,660.95,661.06,52270.97
7/13/2016,664.89,663.09,662.56,662.96,83824.76
7/12/2016,659.41,675.45,674.95,675.08,70689.58
7/11/2016,651.39,649.93,649.22,649.22,40483.1
7/10/2016,648.28,650.2,649.73,650.05,44244.01
7/9/2016,652.6,652.48,651.75,652.17,121048.88
7/8/2016,646.56,660.85,660.29,660.47,71907.85
7/7/2016,645.91,635.04,634.63,635.12,146905.35
7/6/2016,675.02,677.42,677.04,677.28,41015.85
7/5/2016,673.44,668.15,667.19,667.74,46743
7/4/2016,670.02,677,676.5,676.65,49892.44
7/3/2016,677.67,663.79,663.27,663.16,86947.77
7/2/2016,687.57,700.42,700.04,700.11,64791.67
7/1/2016,677.25,680.22,679.23,680.1,92358.46
6/30/2016,653.61,671.27,670.51,671.03,97487.29
6/29/2016,636.95,638.99,638.26,638.86,107527.62
6/28/2016,650.04,648.62,648.12,648.36,86722.76
6/27/2016,639.21,646.93,646.47,646.58,93056.97
6/26/2016,644.1,631.87,631.16,631.14,81034.06
6/25/2016,673.12,670.7,670.19,670.56,97772.29
6/24/2016,653.79,660.43,659.88,660.16,181911.99
6/23/2016,591.56,626.24,625.78,625.87,245502.42
6/22/2016,655.75,602.44,600.92,601.09,177853.95
6/21/2016,685.97,656.69,655.86,656.49,218869.14
6/20/2016,751.32,730.95,729.91,730.44,48916.03
6/19/2016,756.54,763.98,763.23,763.58,53824.24
6/18/2016,751.6,755.44,754.88,754.96,114364.64
6/17/2016,749.73,742.19,741.68,741.81,173949.07
6/16/2016,737.31,772.02,771.62,771.91,218671.63
6/15/2016,685.07,693.9,693.33,693.62,70185.7
6/14/2016,688.51,684.9,684.52,684.81,124580.91
6/13/2016,687.35,699.87,699.52,699.76,217843.9
6/12/2016,637.74,680.66,679.44,680.11,211822.09
6/11/2016,585.93,592.25,591.58,592.16,33030.92
6/10/2016,579.18,579.85,579.57,579.86,41929.11
6/9/2016,580.2,578.17,578.01,578.08,48742.59
6/8/2016,578.68,584.72,584.36,584.62,48904.73
6/7/2016,584.2,576.67,576.38,576.53,80994.41
6/6/2016,582.55,585.62,585.22,585.4,59238.77
6/5/2016,576.8,576.97,576.57,576.68,53182.47
6/4/2016,574.56,572.39,572.15,572.3,78613.53
6/3/2016,557.3,569.12,568.53,568.9,107828.49
6/2/2016,538.52,542.21,541.91,542.06,49993.74
6/1/2016,534.37,539.11,538.92,538.95,64036.8
5/31/2016,536.84,533.47,533.11,533.29,109963.11
5/30/2016,534.27,534.67,534.39,534.68,77092.08
5/29/2016,525.42,521.3,518.9,519.13,137960.84
5/28/2016,496.33,529.88,529,529.48,137876.96
5/27/2016,472.56,474.26,473.99,474.04,131483.58
5/26/2016,454.49,455.94,455.67,455.88,36151.5
5/25/2016,451.84,452.64,452.34,452.41,38692.82
5/24/2016,449.84,449.22,449.02,449.1,34845.16
5/23/2016,443.54,446.1,445.86,446.05,36676.34
5/22/2016,445.43,441.71,441.32,441.5,27356.59
5/21/2016,446.04,446.16,445.72,446.13,25358.68
5/20/2016,443.79,443.76,443.36,443.53,56435.84
5/19/2016,454.32,445.4,444.73,444.96,58369.65
5/18/2016,458.5,458.03,457.75,458,32423.31
5/17/2016,457.56,456.13,455.75,455.87,36078.52
5/16/2016,459.39,457.41,457.13,457.38,38912.05
5/15/2016,461.33,462.24,462.12,462.22,20697.45
5/14/2016,459.09,459.88,459.42,459.6,22780.41
5/13/2016,457.57,458.37,458.13,458.23,34620.46
5/12/2016,454.27,456.4,456.12,456.2,49866.2
5/11/2016,455.43,455.09,454.62,454.66,45950.92
5/10/2016,459.3,452.72,452.39,452.66,61169.77
5/9/2016,462.49,468.71,468.45,468.6,51512.82
5/8/2016,461.85,461.68,461.3,461.37,28018.66
5/7/2016,460.86,461.55,461.19,461.34,32678.8
5/6/2016,453.51,461.94,461.44,461.82,71608.96
5/5/2016,449.31,450.02,449.74,449.89,42764.87
5/4/2016,449.32,448.73,448.15,448.38,42114.3
5/3/2016,447.93,452.33,451.85,452.18,53282.65
5/2/2016,448,445.9,445.23,445.59,76525.26
5/1/2016,452.87,454.26,453.69,454.01,23224.58
4/30/2016,454.88,450.91,450.54,450.84,37474.66
4/29/2016,451.88,455.91,455.64,455.82,46612.85
4/28/2016,445.8,449.09,448.8,448.93,85355.56
4/27/2016,461.92,449.34,448.82,448.96,92342.27
4/26/2016,465.91,467.79,467.46,467.52,74809.78
4/25/2016,460.32,465.46,464.93,465.03,79983.48
4/24/2016,455.53,460.08,459.67,459.9,64438.42
4/23/2016,449.13,453.11,452.85,452.99,37411.6
4/22/2016,447.73,447.55,447.4,447.52,53255.85
4/21/2016,445.28,450.88,450.54,450.76,66253.3
4/20/2016,438.98,442.71,442.48,442.68,80876.64
4/19/2016,432.35,436.06,435.72,435.9,41449.89
4/18/2016,429.76,430.79,430.34,430.63,41173.92
4/17/2016,431.93,429.2,428.92,429.07,29386.22
4/16/2016,432.86,433.13,432.94,433.07,31854.69
4/15/2016,429.06,431.07,430.91,431,53325.62
4/14/2016,426.21,424.15,423.85,424.02,30435.02
4/13/2016,425.5,424.31,423.94,424.12,38460.14
4/12/2016,426.15,426.37,426.11,426.18,60584.56
4/11/2016,422.91,424.67,424.47,424.62,37352.56
4/10/2016,422.23,422.61,422.3,422.43,22977.98
4/9/2016,419.26,420.23,420.07,420.17,29842.6
4/8/2016,423.97,420.76,420.36,420.55,47613.36
4/7/2016,423.71,422.96,422.77,422.82,40190.14
4/6/2016,424.68,424.33,424.21,424.14,36985.81
4/5/2016,423.85,424.17,423.92,424.02,42855.01
4/4/2016,420.61,421.69,421.4,421.5,36971.72
4/3/2016,421.45,421.76,421.46,421.67,25213.27
4/2/2016,421.46,420.8,420.62,420.71,32471.25
4/1/2016,417.76,418.11,417.8,417.94,39279.54
3/31/2016,417.46,418.31,418.07,418.23,45054.59
3/30/2016,415.11,415.08,414.79,414.88,48120.59
3/29/2016,420.9,417.33,417.01,417.13,72262.58
3/28/2016,424.77,425.01,424.73,424.85,45291.15
3/27/2016,422.48,425.31,425.19,425.28,60202.83
3/26/2016,421.05,418.91,418.56,418.84,29382.13
3/25/2016,420.86,419.27,419.03,419.1,35238
3/24/2016,419.98,418.02,417.81,417.94,41755.66
3/23/2016,420.12,420.76,420.55,420.67,40216.59
3/22/2016,418.88,419.06,418.85,418.91,51006.62
3/21/2016,411.87,414.49,414.28,414.49,44211.31
3/20/2016,413.48,414.25,413.89,414.07,32834.29
3/19/2016,410.67,410.31,410.11,410.22,36542.79
3/18/2016,417.15,410.34,410.03,410.15,67299.35
3/17/2016,421.7,422.49,422.24,422.35,44242.37
3/16/2016,419.49,419.71,419.38,419.43,46292.11
3/15/2016,419.17,418.65,418.4,418.5,49138.15
3/14/2016,415.91,417.21,416.9,417.24,48765.48
3/13/2016,415.06,414.49,414.08,414.25,35430.64
3/12/2016,416.61,412.16,411.75,412.06,59589.02
3/11/2016,421.82,422.27,422.03,422.29,59996.34
3/10/2016,416.55,418.63,418.4,418.58,57669.22
3/9/2016,414.65,415.32,414.97,415.46,47203.55
3/8/2016,415.34,414.27,414.06,414.27,52519.4
3/7/2016,410.59,415.06,414.77,415.04,62773.54
3/6/2016,404.88,407.09,406.82,407.05,60091.99
3/5/2016,404.31,399.26,398.94,399.26,125904.3
3/4/2016,421.22,410.43,410.01,410.09,75976.31
3/3/2016,422.5,421.4,421.05,421.18,79221.49
3/2/2016,433.67,424.48,423.93,424.37,60944.32
3/1/2016,436.22,436.14,435.83,436.18,70927.22
2/29/2016,437.76,438.14,437.79,438.2,71632.02
2/28/2016,431.57,434.61,434.37,434.4,51404.29
2/27/2016,434.59,434.78,434.5,434.91,42913.49
2/26/2016,426.16,434.54,434.16,434.29,57460.16
2/25/2016,424.41,423.85,423.51,423.92,52060.77
2/24/2016,423.45,426.39,426.28,426.41,68687.54
2/23/2016,429.96,421.92,421.57,421.83,96084.35
2/22/2016,438.44,440.83,440.07,440.91,58077.11
2/21/2016,439.84,439.97,439.86,439.87,102313.91
2/20/2016,431.45,437.95,437.52,437.86,113901.82
2/19/2016,420.47,420.63,420.37,420.62,52802.46
2/18/2016,420.62,421.92,421.6,421.85,76148.78
2/17/2016,415.46,417.2,417.04,417.35,94111.27
2/16/2016,404.48,407.44,407.16,407.5,69341.67
2/15/2016,404.56,401.09,400.77,400.94,84235.71
2/14/2016,400.55,407.63,407.47,407.6,76649.65
2/13/2016,390.47,393.08,392.85,392.98,48089.83
2/12/2016,383.37,386.95,386.7,386.94,57940.78
2/11/2016,379.49,379.1,378.85,379.02,68626.24
2/10/2016,380.59,381.33,381.11,381.54,97161.91
2/9/2016,374.06,374.88,374.57,374.85,57023.96
2/8/2016,377.53,373.54,373.35,373.49,64977.65
2/7/2016,378.12,377.12,376.96,377.1,41364.04
2/6/2016,377.89,376.56,376.44,377.07,81679.88
2/5/2016,388.85,387.93,387.63,387.8,62314.77
2/4/2016,380.05,390.51,390.26,390.34,109604.17
2/3/2016,374.26,370.9,370.67,370.85,63504.75
2/2/2016,376.37,376.04,375.8,376.09,52990.22
2/1/2016,373.83,373.47,373.07,373.24,77215.33
1/31/2016,380.28,369.09,368.84,369.02,46703.56
1/30/2016,380.11,379.38,379.04,379.43,37735.91
1/29/2016,376.98,379.18,378.91,378.93,144072.45
1/28/2016,385.76,381.18,380.84,381.34,79021.72
1/27/2016,396.67,397.66,397.47,397.55,44026.22
1/26/2016,395.14,393.8,393.54,393.74,58848.08
1/25/2016,397.18,393.02,392.75,392.93,70365.67
1/24/2016,397.9,403.47,403.04,403.37,65762.55
1/23/2016,389.74,388.25,387.74,388.14,63903.34
1/22/2016,394.98,382.98,382.65,383,149524.78
1/21/2016,415.04,411.74,411.53,411.85,89153.98
1/20/2016,394.47,419.72,419.03,419.67,198153.39
1/19/2016,384.69,380.55,380.26,380.58,65689.5
1/18/2016,383.9,387.58,387.2,387.4,67153.47
1/17/2016,385.45,381.83,381.27,381.66,66584.63
1/16/2016,372.05,387.93,387.72,387.95,192671.11
1/15/2016,402.74,361.16,360.74,361.11,288537.16
1/14/2016,431.89,430.2,429.86,430.21,44252.33
1/13/2016,430.77,433.21,433.01,433.17,106557.43
1/12/2016,448.57,447.87,447.46,447.63,46786.88
1/11/2016,448.58,449.66,449.38,449.65,56297.95
1/10/2016,446.91,448.51,448.29,448.47,44894.46
1/9/2016,452.07,452.1,451.67,452.07,39057.78
1/8/2016,456.09,455.28,454.91,455.13,90314.5
1/7/2016,448.33,456.78,456.6,456.82,130435.34
1/6/2016,432.11,433.15,433.04,433.21,44333.26
1/5/2016,433.72,434.05,433.87,434.18,47237.28
1/4/2016,432.02,434.81,434.53,434.64,50806.58
1/3/2016,431.13,430.15,429.69,429.54,54095.4
1/2/2016,434.35,435.61,434.77,435.3,34694.35
1/1/2016,433.21,434.84,434.28,434.65,47106.39
12/31/2015,426.52,431.33,431.13,431.4,66915.8
12/30/2015,430.09,428.03,427.65,428,71380.42
12/29/2015,425.99,430.66,430.29,430.56,72047.25
12/28/2015,425.03,422.41,421.96,422.24,77031.82
12/27/2015,418.46,424.66,424.27,424.47,76363.56
12/26/2015,431.61,415.55,415,415.43,211478.47
12/25/2015,455.25,456.4,455.87,456.13,43465.03
12/24/2015,454.43,453.78,453.64,453.76,78876.65
12/23/2015,441.44,443.68,443.33,443.79,64093.9
12/22/2015,439.89,437.34,436.98,437.32,69593.35
12/21/2015,437.71,436.11,435.73,435.98,119521.2
12/20/2015,455.27,443.17,442.9,442.87,119008.97
12/19/2015,464,462.35,461.91,462.27,63401.04
12/18/2015,460.73,464.48,463.91,464.2,82317.55
12/17/2015,455.55,457.02,456.66,456.63,67726.34
12/16/2015,457.64,454.22,453.99,454.03,186908.79
12/15/2015,456.75,463.87,463.47,463.69,121020.71
12/14/2015,441.46,443.46,443.25,443.38,246514
12/13/2015,436.49,436.06,435.67,435.9,90007.78
12/12/2015,433.3,433.63,433.45,433.56,247017.35
12/11/2015,432.19,449.26,449.09,449.19,176205.29
12/10/2015,416.74,417.06,416.66,416.8,75158.13
12/9/2015,418.08,417.66,417.42,417.65,160383.94
12/8/2015,397.01,397.99,397.88,398.01,57932.28
12/7/2015,394.44,396.76,396.54,396.66,102519.55
12/6/2015,394.26,395.58,395.21,395.53,147247.78
12/5/2015,374.84,390.94,390.83,390.99,106868.51
12/4/2015,361.51,363.45,363.21,363.5,60262.34
12/3/2015,363.13,362.01,361.76,361.96,88810.64
12/2/2015,356.78,360.84,360.48,360.77,97504.92
12/1/2015,368.9,364.34,364.09,364.2,119992.39
11/30/2015,376.76,378.93,378.52,378.64,137466.11
11/29/2015,362.06,373.71,373.51,373.67,64868.59
11/28/2015,356.55,356.1,355.88,356.06,60678.44
11/27/2015,355.91,360.81,360.51,360.6,112829.07
11/26/2015,342.51,350.97,350.73,350.88,213702.58
11/25/2015,324.1,327.73,327.55,327.66,77479.39
11/24/2015,323.4,322.85,322.57,322.86,50632.91
11/23/2015,324.03,325.08,324.77,325.05,42018.91
11/22/2015,326.15,326.19,325.92,326.07,34520.8
11/21/2015,325.84,326.39,326.03,326.35,43575.19
11/20/2015,321.03,321.48,321.28,321.43,111710.95
11/19/2015,333.01,327.9,327.66,327.81,84955.2
11/18/2015,335.41,337.74,337.2,337.58,75796.73
11/17/2015,335.68,338.26,338.14,338.43,97693.91
11/16/2015,322.37,330.45,330.18,330.36,88806.55
11/15/2015,329.85,320.33,319.53,320.2,105658.42
11/14/2015,335.32,339.89,338.87,339.2,71522.2
11/13/2015,334.66,340.65,340.07,340.19,107328.71
11/12/2015,326.91,333.69,333.14,333.84,171616.82
11/11/2015,317.9,308.04,307.62,307.82,290096.78
11/10/2015,368.56,333.59,333.09,333.31,212299.48
11/9/2015,375.3,382.45,382.07,382.32,130610.11
11/8/2015,383.98,374.37,374.17,374.33,90243.26
11/7/2015,383.57,388.12,387.89,388.04,107926.25
11/6/2015,373.24,374.85,373.99,374.15,281158.05
11/5/2015,401.39,390.98,390.04,390.85,360109.42
11/4/2015,446.72,394.08,391.57,393.34,537468.37
11/3/2015,381.53,401.23,400.89,400.82,449677.57
11/2/2015,334.38,361.91,361.6,361.72,210271.42
11/1/2015,317.89,325.38,325.18,325.32,80664.78
10/31/2015,324.35,312.62,312.14,312.4,115396.61
10/30/2015,324.31,323.98,323.73,323.84,170402.67
10/29/2015,309.61,315.68,315.24,315.59,145485.12
10/28/2015,301.53,303.31,303.11,303.26,124391.95
10/27/2015,292.98,298.06,297.83,298.13,110659.24
10/26/2015,285.18,287.21,286.98,286.95,82890.74
10/25/2015,289.88,287.22,286.78,287.02,118323.12
10/24/2015,281.5,281.41,281.13,281.42,53762.28
10/23/2015,277.91,278.11,277.84,277.87,75454.96
10/22/2015,273.32,275.55,275.31,275.35,92648.02
10/21/2015,270.14,269.81,269.65,269.68,64743.56
10/20/2015,268.85,270.22,270.07,270.11,76374.96
10/19/2015,264.8,265.34,264.97,265.12,60648.15
10/18/2015,268.58,264.39,264.13,264.26,61187.92
10/17/2015,269.46,270.87,270.63,270.78,118926.37
10/16/2015,261.03,262.71,262.46,262.76,98238.18
10/15/2015,256.09,256.54,256.19,256.46,64821.71
10/14/2015,252.93,255.18,254.93,255.11,72687.69
10/13/2015,248.96,250.62,250.43,250.59,80499.09
10/12/2015,248.15,247.38,247.18,247.22,48544.98
10/11/2015,248.76,249.74,249.53,249.82,35201.24
10/10/2015,246.81,247.43,247.12,247.35,41515.32
10/9/2015,245.76,246.61,246.34,246.4,42768.22
10/8/2015,245.46,245.23,244.91,245.03,50517.95
10/7/2015,246.87,245.16,245,245.09,64849.71
10/6/2015,244.46,246.97,246.72,246.92,88568.77
10/5/2015,239.99,241.51,241.42,241.43,66838.09
10/4/2015,240.98,239.99,239.61,239.89,35944.34
10/3/2015,239.92,241.4,241.21,241.37,48954.29
10/2/2015,239.14,238.83,238.67,238.64,54375.63
10/1/2015,238.51,239.18,238.87,238.93,60410.98
9/30/2015,238.41,238.12,237.82,238.04,55808.63
9/29/2015,239.73,238.6,238.37,238.57,69354.82
9/28/2015,237.64,240.22,240.06,240.16,67469.36
9/27/2015,235.25,234.34,233.83,234.18,38619.96
9/26/2015,236.03,236.54,236.26,236.48,40861.23
9/25/2015,236.36,235.84,235.65,235.82,64468.5
9/24/2015,233.63,234.93,234.84,234.91,72301.06
9/23/2015,232.03,231.61,231.27,231.51,50569.44
9/22/2015,230.16,230.93,230.8,230.86,83566.49
9/21/2015,229.38,228.91,228.64,228.65,57512.41
9/20/2015,233.09,231.8,231.64,231.68,40775.21
9/19/2015,233.97,233.3,233.21,233.31,39321.42
9/18/2015,234.65,234.92,234.6,234.89,57623.59
9/17/2015,231.82,234.41,234.31,234.37,61813.24
9/16/2015,230.64,229.81,229.58,229.67,60120.16
9/15/2015,231.89,230.96,230.8,230.79,60113.95
9/14/2015,230.79,232.56,232.45,232.47,66718.67
9/13/2015,234.46,230.28,230.17,230.29,54054.53
9/12/2015,240.7,237.43,237.32,237.63,52731.58
9/11/2015,241.55,242,241.8,242.03,47247.29
9/10/2015,239.98,240.39,240.16,240.43,63412.7
9/9/2015,242.45,239.8,239.66,239.8,69555.79
9/8/2015,243.76,244.66,244.53,244.63,77673.15
9/7/2015,241.06,241.63,241.5,241.53,56561.99
9/6/2015,240.44,241.81,241.65,241.68,73261.29
9/5/2015,233.57,236.6,236.41,236.73,56149.81
9/4/2015,231.24,232.13,232,232.22,64146.64
9/2/2015,229,230.91,230.81,230.87,60814.64
9/1/2015,230.32,226.98,226.87,227.02,63356.81
8/31/2015,229.95,231.71,231.56,231.74,56483.31
8/30/2015,230.31,228.48,228.32,228.41,50190.82
8/29/2015,231.82,230.06,229.83,230.26,46281.32
8/28/2015,228.39,234.06,233.75,233.91,93688.37
8/27/2015,227.05,227.87,227.74,227.85,60923.3
8/26/2015,225.87,226.77,226.62,226.81,98979.44
8/25/2015,214.3,222.25,221.98,222.1,209016.22
8/24/2015,221.77,210.37,210.18,210.56,193238.31
8/23/2015,230.29,228,227.84,227.89,56524.73
8/22/2015,231.7,231.01,230.74,230.96,75652.63
8/21/2015,235.11,233.6,233.47,233.62,61959.38
8/20/2015,232.79,236.85,236.69,236.78,97471.02
8/19/2015,233.92,224.57,224.16,224.46,259604.15
8/18/2015,256.83,253.21,253,253.23,86992.53
8/17/2015,258.9,258.82,258.75,258.88,52690.7
8/16/2015,260.44,259.55,259.22,259.43,73108.94
8/15/2015,267.24,264.41,264.09,264.38,34578.44
8/14/2015,266.2,268.2,268.12,268.31,52856.08
8/13/2015,266.37,265.91,265.68,265.83,58932.84
8/12/2015,269.27,270.07,269.81,270.02,62868.71
8/11/2015,267.19,270.35,270.03,270.35,50908.15
8/10/2015,265.75,265.6,265.4,265.58,48723.03
8/9/2015,264.05,265.93,265.5,265.78,67562.76
8/8/2015,276.02,266.73,266.54,266.73,69720
8/7/2015,280.43,280.53,280.32,280.57,47890.84
8/6/2015,281.92,280.48,280.19,280.44,41529.91
8/5/2015,284.89,284.34,284.17,284.28,40800.93
8/4/2015,285.37,286.78,286.63,286.84,46789.49
8/3/2015,283.85,284.54,284.31,284.6,45539.11
8/2/2015,281.47,283.6,282.95,283.05,36387.87
8/1/2015,283.04,281.83,281.07,281.27,43721.2
7/31/2015,286.77,285.86,285.54,285.67,51981.22
7/30/2015,289.68,288.44,288.06,288.34,45777.87
7/29/2015,292.8,291.81,291.75,291.8,52825.48
7/28/2015,295.69,295.9,295.44,295.48,56658.53
7/27/2015,292.13,296.6,296.28,296.44,69358.52
7/26/2015,291.48,293.82,293.28,293.41,32283.37
7/25/2015,289.27,288.84,288.68,288.87,44978.61
7/24/2015,282.91,289.17,288.81,289.04,83464.01
7/23/2015,278.45,277.87,277.59,277.7,38821.29
7/22/2015,277.56,277.08,276.88,277,50988.03
7/21/2015,280.07,279.65,279.5,279.62,49526.47
7/20/2015,276.9,278.43,278.12,278.24,53638.66
7/19/2015,275.33,275.09,274.71,274.86,31752.04
7/18/2015,278.25,274.82,274.45,274.59,68091.11
7/17/2015,277.83,278.88,278.59,279.31,74636.06
7/16/2015,283.87,280.49,280.23,280.27,133319.5
7/15/2015,291.62,291.67,291.11,291.73,55545.27
7/14/2015,291.48,290.35,290.02,290.24,66154.49
7/13/2015,295.66,292.84,292.54,292.88,153309.15
7/12/2015,303.43,307.98,307.8,307.93,121416.85
7/11/2015,290.93,293.99,293.75,293.89,95898.62
7/10/2015,280.06,286.15,285.69,286.05,211063.76
7/9/2015,270.72,271.65,271.35,271.61,77644.38
7/8/2015,269.56,268,267.64,267.85,86504.04
7/7/2015,268.94,267.24,266.89,267.22,74161.98
7/6/2015,272.09,274.76,274.43,274.63,127494.26
7/5/2015,264.07,271.03,270.82,270.82,118301.04
7/4/2015,258.83,263.23,263.08,263.07,41655.63
7/3/2015,256.84,257.57,257.3,257.44,49662.09
7/2/2015,258.66,256.98,256.84,256.99,55719.36
7/1/2015,261.14,260.63,260.38,260.67,76161.03
6/30/2015,262.7,264.33,264.19,264.28,124557.87
6/29/2015,253.47,255.98,255.84,255.98,93823.64
6/28/2015,251,250.84,250.66,250.75,42153.05
6/27/2015,247.45,252.22,251.92,252.34,57101.06
6/26/2015,244.23,244.51,244.21,244.4,37765.41
6/25/2015,244.03,243.62,243.5,243.59,44924.07
6/24/2015,245.21,242.83,242.66,242.73,53144
6/23/2015,247.1,246.45,246.33,246.42,41301.22
6/22/2015,246.5,248.72,248.64,248.71,52090.71
6/21/2015,245.85,245.73,245.63,245.7,26873.47
6/20/2015,244.29,245.48,245.42,245.5,68398.45
6/19/2015,249.36,246.88,246.7,246.89,58965.44
6/18/2015,249.27,249.88,249.62,249.87,86083.1
6/17/2015,251.65,248.72,248.65,248.77,126711.65
6/16/2015,241.71,248.16,248.09,248.18,120641.35
6/15/2015,236.05,237.5,237.41,237.5,62391.49
6/14/2015,234.72,234.24,234.18,234.28,35393.45
6/13/2015,231.87,233.64,233.49,233.67,39818.62
6/12/2015,231.97,231.56,231.39,231.48,42166.98
6/11/2015,231.28,230.85,230.73,230.89,43195.67
6/10/2015,231.35,230.56,230.47,230.54,43122.78
6/9/2015,230.71,231.13,230.99,231.12,60407.81
6/8/2015,226.32,229.31,229.2,229.23,77146.39
6/7/2015,226.22,224.33,224.19,224.23,42537.08
6/6/2015,226.85,226.66,226.5,226.69,34409.03
6/5/2015,225.94,226.74,226.49,226.6,61071.33
6/4/2015,226.8,225.86,225.72,225.88,49889.57
6/3/2015,226.84,227.12,227.04,227.12,57299.11
6/2/2015,224.57,226.21,226.05,226.09,72109.31
6/1/2015,228.23,221.71,221.53,221.67,95200.63
5/31/2015,233.73,231.54,231.39,231.53,34017.9
5/30/2015,235.96,233.38,233.25,233.34,44889.39
5/29/2015,238.24,238.21,238.03,238.25,39903.64
5/28/2015,238.49,238.6,238.52,238.69,37396.4
5/27/2015,239.07,237.68,237.54,237.62,53310.39
5/26/2015,238.16,238.49,238.4,238.51,44647.2
5/25/2015,239.76,237.87,237.71,237.82,36722.19
5/24/2015,240.86,242.03,241.84,241.93,32960.13
5/23/2015,240.84,240.45,240.23,240.32,36064.67
5/22/2015,237.8,240.75,240.64,240.71,79796.87
5/21/2015,236.2,236.43,236.23,236.42,45267.16
5/20/2015,234.73,234.81,234.7,234.78,48804.16
5/19/2015,234.29,233.88,233.81,233.93,43701.47
5/18/2015,237.19,233.81,233.71,233.8,50755.28
5/17/2015,238.33,237.38,237.23,237.36,28172.41
5/16/2015,238.88,238.08,238.01,238.1,34072.94
5/15/2015,242.02,237.07,236.84,236.99,86021.6
5/14/2015,242.02,237.07,236.84,236.99,86021.6
5/13/2015,244.24,237.05,236.94,237.08,62728
5/12/2015,242.67,242.94,242.81,242.99,57316.34
5/11/2015,242.15,243.42,243.33,243.45,63103.96
5/10/2015,242.54,241.43,241.16,241.4,45902.18
5/9/2015,243.64,243.01,242.88,242.95,63207.23
5/8/2015,240.19,245.33,245.14,245.18,90559.59
5/7/2015,232.19,238.56,238.38,238.5,127117.86
5/6/2015,236.19,231.74,231.53,231.81,70781.44
5/5/2015,236.72,236.49,236.41,236.43,77971.44
5/4/2015,240.97,239.9,239.72,239.82,67775.85
5/3/2015,240.23,240.94,240.84,240.95,55081.17
5/2/2015,235.78,237.01,236.89,236.94,42303.4
5/1/2015,236.29,235.84,235.59,235.7,59886
4/30/2015,231.66,237.15,236.84,237.07,114641.84
4/29/2015,226.44,227.27,227.21,227.25,60261.17
4/28/2015,227.12,226.35,226.02,226.27,80404.02
4/27/2015,220.74,233.87,233.51,233.8,119045.21
4/26/2015,220.36,219.56,219.48,219.54,102789.57
4/25/2015,230.45,228.06,227.9,228.07,44869.71
4/24/2015,233.31,231.68,231.49,231.59,69636.92
4/23/2015,235.63,236.01,235.9,236.42,43473.41
4/22/2015,236.1,234.35,234.15,234.37,78077.46
4/21/2015,226.84,233.67,233.48,233.68,84772.75
4/20/2015,224.5,224.71,224.55,224.68,59206.22
4/19/2015,225.3,223.16,223,223.09,49976.22
4/18/2015,223.76,224.58,224.39,224.59,43734.51
4/17/2015,225.76,223.51,223.37,223.47,73056.25
4/16/2015,227.68,229.96,229.78,229.9,88046.45
4/15/2015,221.76,222.16,222.02,222.17,75867.73
4/14/2015,221.75,217.64,217.36,217.48,130783.66
4/13/2015,234.44,223.38,223.14,223.14,99817.36
4/12/2015,237.5,236.8,236.72,236.78,37576.81
4/11/2015,236.73,236.66,236.47,236.57,52778.71
4/10/2015,239.65,235.26,235.11,235.22,96573.03
4/9/2015,244.73,243.91,243.53,243.7,68321.76
4/8/2015,251.09,246.61,246.44,246.46,97857.57
4/7/2015,255.37,255.55,255.27,255.46,51998.08
4/6/2015,258.69,256.82,256.49,256.68,69260.58
4/5/2015,256.46,258.26,258.09,258.23,51419.69
4/4/2015,254.62,255.11,255,255.03,35428.23
4/3/2015,254.32,254.92,254.72,254.92,70912.78
4/2/2015,248.77,252.57,252.34,252.62,85606.03
4/1/2015,244.38,247.14,246.93,247.04,69468.28
3/31/2015,246.72,246.86,246.46,246.56,64204.55
3/30/2015,245.19,247.65,247.3,247.44,77229.5
3/29/2015,246.67,243.34,242.89,243.12,68286.56
3/28/2015,252.28,253.76,253.51,253.56,49306.23
3/27/2015,248.48,248.99,248.91,248.95,53326.28
3/26/2015,249.69,249.01,248.84,248.98,76767.29
3/25/2015,245.46,246.83,246.5,246.77,119638.14
3/24/2015,257.98,248.97,248.85,248.92,138226.97
3/23/2015,267.98,268.15,267.98,268.09,68261.36
3/22/2015,262.57,268.88,268.55,268.84,47951.33
3/21/2015,260.93,260.74,260.58,260.61,46225.36
3/20/2015,261.7,262.88,262.48,262.74,50039.41
3/19/2015,257.63,261.77,261.65,261.76,176683.72
3/18/2015,275.74,255.59,255.36,255.5,186557.71
3/17/2015,290.68,285.71,285.49,285.67,59674.36
3/16/2015,291.43,291.76,291.61,291.73,59509.65
3/15/2015,284.95,286.87,286.67,286.77,35168.8
3/14/2015,284.19,283.36,282.97,283.26,74356.26
3/13/2015,291.96,289.08,288.85,289,88666.62
3/12/2015,295.25,295.58,295.3,295.38,66300.1
3/11/2015,294.09,296.71,296.27,296.54,70646.05
3/10/2015,294.2,294.14,293.99,294.05,161298.95
3/9/2015,281.89,289.42,288.91,289.09,139722.21
3/8/2015,276.11,275.56,275.15,275.27,47281.44
3/7/2015,274.2,276.61,276.37,276.52,52597.14
3/6/2015,273.9,273.79,273.57,273.6,90835.39
3/5/2015,271.51,276.29,276.04,276.4,127169.72
3/4/2015,279.95,272.56,272.25,272.57,127193.97
3/3/2015,275.71,281.43,281.14,281.17,155102.28
3/2/2015,262.51,273.43,273.09,273.22,120210.35
3/1/2015,252.75,260.09,259.71,259.8,78704.16
2/28/2015,253.69,255.43,254.97,255.16,46830.74
2/27/2015,250.27,256.28,255.89,256.04,147991.29
2/26/2015,237.67,237.89,237.46,237.55,46714.62
2/25/2015,238.83,238.52,238.17,238.33,38979.25
2/24/2015,239.65,240.19,239.78,240.09,47043.86
2/23/2015,236.63,239.77,239.56,239.72,56158.45
2/22/2015,242.91,236.36,235.93,236.25,68906.43
2/21/2015,245.54,245.68,245.42,245.52,44001.45
2/20/2015,243.61,244.68,244.51,244.65,84337.26
2/19/2015,238.6,241.76,241.36,241.72,60345.53
2/18/2015,240.54,235.58,234.77,235.3,90158.58
2/17/2015,238.78,242.94,242.62,242.95,98406.95
2/16/2015,234.47,236.66,236.17,236.49,103551.64
2/15/2015,251.15,233.63,233.36,233.52,220810.71
2/14/2015,245.52,258.89,258.56,258.7,163781.23
2/13/2015,231.76,236.05,235.66,235.81,157049.28
2/12/2015,220.79,223.22,222.78,223,54069.23
2/11/2015,221.76,220.12,219.52,219.72,61727.11
2/10/2015,219.15,220.94,220.41,220.75,80332.87
2/9/2015,221.47,220.56,220.06,220.28,106508.11
2/8/2015,225.7,224.14,223.79,224.02,62701.12
2/7/2015,226.48,228.58,228.42,228.62,84554.96
2/6/2015,220.37,223.88,223.55,223.62,86872.09
2/5/2015,223.1,218.23,217.78,218.01,82264.98
2/4/2015,235.35,227.33,226.86,227.24,129814.32
2/2/2015,226.53,239.5,238.98,239.25,89210.71
2/1/2015,218.48,226.85,226.49,226.82,126069.21
1/31/2015,228.65,222.76,222.52,222.62,81293.71
1/30/2015,232.67,229.35,228.86,229.38,102020.39
1/29/2015,232.22,231.61,231.29,231.27,124452.33
1/28/2015,254.06,235.73,235.52,235.68,166579.16
1/27/2015,261.48,263.27,262.85,263.02,150802.02
1/26/2015,280.63,271.8,271.22,272,358906.83
1/25/2015,248.56,253.02,252.57,252.97,111023.64
1/24/2015,237.55,247.59,247.19,247.47,84807.15
1/23/2015,230.54,232.08,231.55,231.98,89840.36
1/22/2015,232.17,232.38,231.96,232.12,128193.66
1/21/2015,215.14,225.05,224.7,224.62,111781.03
1/20/2015,211.49,212.28,211.8,212.01,99020.56
1/19/2015,211.84,217.09,216.56,216.82,69433.31
1/18/2015,206,210.8,210.32,210.8,109747.93
1/17/2015,201.56,199.67,199.38,199.69,87919.04
1/16/2015,212.01,208.3,207.96,207.94,129530.68
1/15/2015,205.48,208.79,208.58,208.74,283041.91
1/14/2015,200.28,176.72,176.39,176.04,378295.79
1/13/2015,242.22,222.15,221.97,222.13,228863.06
1/12/2015,269.63,269.54,269.16,269.38,47534.74
1/11/2015,274.29,266.7,266.55,266.73,44343.21
1/10/2015,281.25,277.14,276.53,276.88,45280.81
1/9/2015,285.04,288.46,288.12,288.16,57577.43
1/8/2015,289.61,284.46,284.09,284.17,58163.81
1/6/2015,277.04,286.13,285.91,285.85,79993.07
1/5/2015,271.78,277.81,276.75,277.26,115265
1/4/2015,275.91,261.28,260.84,261.23,192471.43
1/3/2015,306.15,288.1,287.43,288.01,95976.22
1/2/2015,315.45,316.7,315.99,316.26,20418.12
1/1/2015,317.04,316.13,315.23,315.35,17517.9
12/31/2014,314.44,318.93,318.25,318.9,23466.62
12/30/2014,315.59,312.91,311.93,312.5,24971.42
12/29/2014,317.14,316.1,315.79,316.1,21121.08
12/28/2014,316.96,318.03,317.58,318.05,19480.08
12/27/2014,321.16,317.48,316.79,317.17,33269.19
12/26/2014,323.61,330.8,330.37,330.61,28496.31
12/25/2014,321.34,319.03,318.88,318.97,15618.1
12/24/2014,331.53,324.4,323.94,324.04,26809.62
12/23/2014,334.22,336.36,335.66,336.01,30165.07
12/22/2014,328.27,331.49,331.02,331.25,43555.74
12/21/2014,325.2,322.54,322.26,322.59,31188.12
12/20/2014,324.72,329.89,329.53,329.84,41576.73
12/19/2014,313.11,319.26,319,319.1,49518.6
12/18/2014,313.6,311.77,311.29,311.43,115141.94
12/17/2014,324.07,319.86,319.16,319.4,106011.04
12/16/2014,337.16,330.47,329.55,330.01,81720.35
12/15/2014,348.59,347.6,347,347.44,42842.83
12/14/2014,349.79,351.24,351.05,351.19,30968.85
12/13/2014,349.14,349,348.04,348.79,31600.6
12/12/2014,351.53,353.54,353.11,353.31,41429.95
12/11/2014,352.57,348.18,347.72,347.92,88357.99
12/10/2014,350.41,348.18,347.81,348.13,44249.31
12/9/2014,354.14,352.29,351.98,352.21,86939.51
12/8/2014,370.83,366.46,365.95,366.04,40912.54
12/7/2014,377.45,377.38,376.79,377.13,14807.07
12/6/2014,376.21,376.28,375.81,376.02,23761.72
12/5/2014,373.55,378.31,377.66,378.32,46976.49
12/4/2014,375.4,371.42,370.93,371.01,45263.24
12/3/2014,380.21,377.44,376.91,377.29,39226.61
12/2/2014,382.94,382.69,382.26,382.1,34784.13
12/1/2014,380.65,381.98,381.35,382.05,29946.22
11/30/2014,378.54,378.2,377.89,378.12,25573.93
11/29/2014,379.08,376.65,376.46,376.55,102453.1
11/28/2014,369.99,377.6,377.05,377.39,75032.49
11/27/2014,371.98,370.03,369.45,369.92,25702.94
11/26/2014,372.72,364.6,367.48,366.8,52704.88
11/25/2014,383.52,377.88,377.49,377.53,72163.64
11/24/2014,374.92,381.04,379.98,380.71,73998.59
11/23/2014,358.96,368.5,367.78,367.31,37413.36
11/22/2014,357.06,353.06,352.6,353.03,38299.18
11/20/2014,366.8,357.93,357.64,357.89,64096.99
11/19/2014,378.66,377.19,376.77,377.16,46503.44
11/18/2014,381.6,377.25,376.9,377.26,80468.63
11/17/2014,396.55,388.15,387.9,388.15,98192.84
11/16/2014,383.31,388.48,387.62,388.03,28990.26
11/15/2014,387.74,377.31,377.05,377.06,36631.89
11/14/2014,397.78,398.26,397.46,398.1,69526.5
11/13/2014,432.05,417.24,417.13,418.15,123208.29
11/12/2014,393.44,420.89,420.56,420.73,95399.72
11/11/2014,367.37,366.69,366.54,366.69,40510.88
11/10/2014,365.65,368.02,367.67,367.92,78273.42
11/9/2014,350.71,359.74,359.45,359.55,58400.93
11/8/2014,344.38,346.03,345.73,345.82,21650.7
11/7/2014,345.95,342.02,341.75,341.85,46262
11/6/2014,343.11,349.1,348.52,348.83,47047.93
11/5/2014,337.55,340.33,339.79,340.29,51917.51
11/4/2014,327.52,329.19,328.8,329.11,41171.13
11/3/2014,328.57,326.15,325.67,326.03,34027.68
11/2/2014,325.04,325.91,325.42,325.82,23209.83
11/1/2014,331.41,324.97,324.41,324.77,46372.58
10/31/2014,342.45,340.33,340.16,340.18,48195.57
10/30/2014,338.23,347.5,346.49,347.23,68628.81
10/29/2014,348.83,336.63,336.31,336.47,45120.14
10/28/2014,355.26,355.39,355.1,355.38,19550.8
10/27/2014,353.92,353.79,353.41,353.77,30544.83
10/26/2014,351.49,354.68,354.24,354.66,28635.27
10/25/2014,351.19,349.86,349.19,349.85,47096.86
10/24/2014,358.27,357.36,356.86,357.42,40606.34
10/23/2014,370.85,359.45,359.14,358.75,63322.95
10/22/2014,384.94,383.89,383.26,383.43,25546.86
10/21/2014,385.71,386.32,385.82,386.04,31496.1
10/20/2014,383.8,383.91,382.94,383.93,37286.11
10/19/2014,390.38,388.73,388.42,388.46,12094.54
10/18/2014,381.9,390.52,390.03,390.39,28386.78
10/16/2014,388.38,380,379.81,379.84,62823.51
10/15/2014,394.8,392.74,392.65,392.65,61188.56
10/14/2014,401.38,405.49,405.23,405.45,92414.78
10/13/2014,377.64,398.31,397.87,398.2,77131.99
10/12/2014,363.03,376.16,375.6,375.92,41133.14
10/11/2014,360.25,363.25,362.62,363.16,33937.23
10/10/2014,362.67,358.8,358.14,358.65,67277.81
10/9/2014,362.18,356.5,356.13,356.33,126824.42
10/8/2014,337.28,352.17,351.94,349.8,80086.32
10/7/2014,329.19,329.68,329.29,329.75,77025.38
10/6/2014,322.44,334.55,334.04,334.17,164336.03
10/5/2014,318.06,302.12,300.96,301.66,158741.66
10/4/2014,348.92,329.39,329.23,329.89,84096.15
10/3/2014,370.65,356.5,355.89,356.05,51542.03
10/2/2014,381.77,373.94,373.47,374.05,27774.5
10/1/2014,384.14,385.01,383.65,384.6,27981.91
9/30/2014,379.44,388.64,388.1,385.03,37914.27
9/29/2014,393.52,376.32,374.36,376.53,24116.1
9/27/2014,405.74,402.92,402.7,403.22,10568.42
9/26/2014,407.6,407.28,406.3,407.05,19322.27
9/25/2014,414.79,413.77,412.6,413.8,24259.4
9/24/2014,427.4,424.19,423.21,423.52,24430.35
9/23/2014,407.4,437.62,435.38,437.08,44735.14
9/22/2014,401.21,404.3,403.91,403.46,24600.17
9/21/2014,401.61,394.56,393.76,394.79,22888.59
9/20/2014,409.52,408.02,407.91,408.04,34540.11
9/19/2014,408.67,396.48,395.85,397.28,46326.04
9/18/2014,441.78,425.92,425.11,426.21,38770.68
9/17/2014,461.38,449.32,448.43,449.15,21294.02
9/16/2014,473.44,467.28,465.98,467.34,12807.24
9/15/2014,477.79,478.56,478.05,478.51,16686.49
9/14/2014,479.74,478.32,477.79,478.58,10869.22
9/13/2014,478.89,481.45,480.5,480.8,19469.8
9/12/2014,477.54,477.06,476.2,477.03,15328.71
9/11/2014,479,479.44,478.88,479.35,19476.71
9/10/2014,471.48,477.13,476.43,476.61,26165.81
9/8/2014,474.11,472.19,471.87,472.37,39983.98
9/7/2014,487.87,484.84,484.41,484.87,7475.08
9/6/2014,487.5,488.73,487.87,487.77,10164.51
9/5/2014,488.35,484.89,483.8,485.13,15243.33
9/4/2014,485.87,492.06,490.98,490.99,28092.05
9/3/2014,482.6,483.94,482.78,483.28,8647.77
9/2/2014,478.81,480.11,479.94,480.16,24825.36
9/1/2014,479.95,482.02,480.61,481.58,21520.37
8/31/2014,491.16,480.63,480.23,481,72254.08
8/30/2014,505.44,501.33,500.69,501.37,11404.63
8/29/2014,508.73,509.15,508.64,508.65,16826.56
8/28/2014,512.33,507.82,507.27,508,19030.17
8/27/2014,515.9,515.46,514.48,514.41,20552.4
8/26/2014,508.63,510.03,509.38,509.46,23554.3
8/25/2014,504.92,504.2,503.62,505.31,19354.83
8/24/2014,504.48,511.41,510.04,510.94,17970.2
8/23/2014,507.06,499.6,498.62,499.98,23945.38
8/22/2014,514.54,517.78,517.02,517.73,38928.49
8/21/2014,520.26,523.42,522.61,521.42,45465.93
8/20/2014,487.27,509.55,509.36,508.77,43439.47
8/19/2014,471.39,480.48,479.49,479.85,38426.74
8/18/2014,475.66,452.86,451.68,453.27,68323.44
8/17/2014,506.6,489.89,489.55,490.67,21062.18
8/16/2014,500.43,518.8,517.48,518.37,23053.95
8/15/2014,506.9,497.05,496.47,497.51,32318.34
8/14/2014,520.16,505.66,505.15,506.4,54483.97
8/13/2014,554.48,543.69,542.82,544.83,32388.31
8/12/2014,571.95,569.47,568.83,569.54,14894.58
8/11/2014,586.69,575.63,574.6,575.31,14133.37
8/10/2014,591.23,590.37,589.29,590.14,4456.42
8/9/2014,590.21,590.1,589.42,590.64,5831.66
8/8/2014,592.38,593.99,592.94,593.8,8387.43
8/7/2014,586.23,590.32,589.67,588.76,12024.46
8/6/2014,587.2,585.53,584.93,585.89,8909.07
8/4/2014,586.85,588.03,587.65,587.91,7460.06
8/2/2014,592,594.71,593.77,592.3,16097.09
7/31/2014,572.32,586.51,585.27,585.73,22418.06
7/30/2014,579.46,563.65,562.36,565.12,13698.84
7/29/2014,584.63,585.57,584.45,586.22,9353.81
7/28/2014,583.18,586.49,585.62,586.9,20330.17
7/27/2014,595.55,594.8,594.13,594.77,5843.82
7/26/2014,597.6,595.89,595.62,596.46,9102.94
7/25/2014,601.3,601.56,600.59,601.79,9607.14
7/24/2014,611.12,598.78,598.4,600.07,19769.88
7/23/2014,622.7,620.68,619.66,619.72,9990.84
7/22/2014,623.47,622.11,620.91,622.78,9069.16
7/21/2014,621.58,622.23,621.12,622.33,11683.66
7/20/2014,628.38,624.34,622.84,625.07,5659.38
7/19/2014,628.67,631.04,629.86,631.27,6944.6
7/18/2014,627.85,628.79,627.71,628.01,12837.8
7/17/2014,619.67,624.79,624.16,623.2,16535.62
7/16/2014,620.75,617.57,616.92,617.34,12954.49
7/15/2014,624.03,623.75,622.19,622.57,10681.79
7/14/2014,623.86,622.44,621.47,622.1,11172.81
7/13/2014,631.93,629.51,628.56,629.14,9270.69
7/12/2014,633.74,634.47,634.27,634.84,11061.83
7/11/2014,623.06,632.86,631.39,632.87,14109.01
7/10/2014,620.52,618.46,617.15,618.24,15881.03
7/9/2014,625.92,626.36,625.57,625.98,9182.95
7/8/2014,624.1,627.18,625.79,626.62,9236.66
7/7/2014,629.41,622.83,621.41,622.62,17781.89
7/6/2014,634.6,634.14,633.21,633.68,9548.11
7/5/2014,630.65,629.25,628.02,628.8,8405.03
7/4/2014,639.31,630.65,628.69,630.09,19834.83
7/3/2014,645.99,641.89,640.51,641.74,16063.34
7/2/2014,646.26,648.06,647.07,647.44,23584.86
7/1/2014,649.27,648.09,646.45,648.11,39215.96
6/30/2014,617.13,639.73,638.31,639.1,53279.49
6/29/2014,596.05,595.67,594.84,595.3,7059.13
6/28/2014,597.36,599.23,597.22,599.28,19482.74
6/27/2014,583.63,584.87,583.75,582.74,22401.77
6/26/2014,571.09,574.71,573.79,574,18094.51
6/25/2014,572.8,565.11,563.94,563.92,29639.09
6/24/2014,591.72,588.56,587.73,587.86,13682.55
6/23/2014,593.12,591.1,589.2,590.25,16587.66
6/22/2014,600.69,600.55,599.3,600.6,13588.58
6/21/2014,593.09,594.93,593.36,593.94,11649.77
6/20/2014,594.26,594.74,592.84,593.73,25992.73
6/19/2014,606.64,598.09,597.23,597.87,17046.04
6/18/2014,609.5,607.22,606.67,607.06,24293
6/17/2014,597.98,609.78,608.36,610.21,21724.16
6/16/2014,595.47,597.14,596.1,596.15,44106.91
6/15/2014,565.11,573.2,570.63,571.12,28182.63
6/14/2014,579.32,564,561.96,563.92,50821.8
6/13/2014,596.95,597.07,594.86,596.9,74246.61
6/12/2014,628.19,590.35,588.03,588.68,49499.69
6/11/2014,646.77,631.16,629.53,629.54,26447.09
6/10/2014,652.74,652.96,651.74,652.33,20280.92
6/9/2014,650.61,647.2,645.85,647.78,21265.3
6/8/2014,656.03,655.72,655.11,655.78,9171.53
6/7/2014,652.69,655.8,654.7,654.44,18518.36
6/6/2014,656.6,654.13,653.35,653.7,19596.89
6/5/2014,650.5,660.4,657.99,660.28,31303.66
6/4/2014,643.51,643.76,642.87,644.15,44000.64
6/1/2014,641.14,644.74,642.1,643.12,52941.8
5/31/2014,615.78,619.94,617.78,618.16,17554.65
5/30/2014,595.52,621.51,620.22,620.08,36536.78
5/29/2014,568.37,569.05,567.75,568.01,25857.58
5/28/2014,571.79,571.31,569.66,570.33,25077.11
5/27/2014,574.33,575.03,574.48,574.9,52429.3
5/26/2014,578.68,581.31,580.06,580.65,41675.68
5/25/2014,555.87,568.75,567.41,567.09,67112.16
5/24/2014,520.29,523.99,522.77,523.26,17899.12
5/23/2014,527.62,525.78,524.33,524.57,53566.37
5/22/2014,505.79,523.6,522.17,522.51,46622.91
5/21/2014,490.77,491.75,490.58,491.04,24152.08
5/20/2014,461.12,484.12,482.57,482.65,68580.21
5/19/2014,444.39,445.27,444.7,444.5,10817.9
5/18/2014,445.52,444.93,444.32,444.55,4559.27
5/17/2014,448.18,446.9,445.89,447.12,4603.01
5/16/2014,447.03,448.47,447.33,447.88,9865.7
5/15/2014,446.67,447.28,446.27,446.88,13519.91
5/14/2014,443.19,447.09,446.74,446.3,15042.94
5/13/2014,439.4,439.92,438.84,440.2,13440.57
5/12/2014,438.62,441.46,440.45,440.33,12699.49
5/11/2014,446.17,437.35,436.82,437.76,26384.69
5/10/2014,450.9,453.3,452.65,453.32,8854.27
5/8/2014,442.04,440.41,439.09,439.76,17584.12
5/7/2014,434.86,443.57,442.95,443.09,32923.35
5/6/2014,429.04,429.55,427.92,428.47,22979.45
5/5/2014,432.45,431.81,431.32,432.37,19664.01
5/4/2014,434.79,435.49,434.57,435.17,10398.82
5/3/2014,441.96,438.62,437.8,438.59,20035.97
5/2/2014,449.92,447.6,446.66,447.93,17763.22
5/1/2014,453.18,458.32,456.47,457.12,23841.5
4/30/2014,445.32,448.05,446.85,447.41,25256.94
4/29/2014,443.7,445.35,444.56,444.38,30219.54
4/28/2014,436.1,445.44,444.31,445.36,44436.61
4/27/2014,453.46,444.4,443.65,443.92,18120.15
4/26/2014,456.6,458.05,457.05,457.44,21931.97
4/25/2014,466.8,461.32,460.35,460.89,82647.18
4/24/2014,488.78,496.1,495.23,495.11,16728.18
4/23/2014,488.63,490.45,489.71,490.54,15586.34
4/22/2014,493.34,487.68,485.91,487.74,19330.23
4/21/2014,499.55,494.27,493.52,494.48,23640.75
4/20/2014,501.7,495.93,494.22,495.12,16730.35
4/19/2014,491.08,502.5,501.56,502.11,30558.57
4/18/2014,485.42,,,,32004.42
4/17/2014,504.83,502.44,501.63,502.89,57953.96
4/16/2014,515.49,534.38,532.78,533.07,88542.05
4/15/2014,486.85,494.04,492.92,492.36,81578.85
4/14/2014,445.59,,,,94188.12
4/13/2014,415.41,,,,47557.75
4/12/2014,424.79,,,,39776.88
4/11/2014,403.02,,,,131367.54
4/10/2014,408.25,,,,135210.85
4/9/2014,449.19,,,,23264.93
4/8/2014,452.2,,,,18278.9
4/7/2014,454.27,,,,28821.66
4/6/2014,460.59,,,,16659.23
4/5/2014,453.05,,,,22202.22
4/4/2014,444.67,,,,39286.65
4/3/2014,434.93,,,,74799.24
4/2/2014,467.04,,,,97003.55
4/1/2014,476.87,,,,63306.79
3/31/2014,458.09,,,,59826.55
3/30/2014,471.09,,,,80698.83
3/29/2014,500.07,,,,16356.33
3/28/2014,503.01,,,,91621.98
3/27/2014,543.82,,,,109159.77
3/26/2014,581.52,,,,22495.02
3/25/2014,578.68,,,,18790.04
3/24/2014,564.73,,,,30156.82
3/23/2014,565.22,,,,13391.03
3/22/2014,564.65,,,,24897.92
3/21/2014,583.54,,,,52998.17
3/20/2014,589.44,,,,28301.72
3/19/2014,611.73,,,,16447.26
3/18/2014,615.01,,,,31447.73
3/17/2014,623.53,,,,17963.53
3/16/2014,631.25,,,,8366.2
3/15/2014,636.21,,,,6803.49
3/14/2014,628.58,,,,18946.23
3/13/2014,637.79,,,,18036.5
3/12/2014,632.34,,,,29628.12
3/11/2014,633.59,,,,18562.57
3/10/2014,627.14,,,,32750.42
3/9/2014,639.43,,,,24236.44
3/8/2014,619.6,,,,30236.41
3/7/2014,629.34,,,,54257.53
3/6/2014,662.57,,,,24348.76
3/5/2014,665.21,,,,33744.66
3/4/2014,668.28,,,,82883.68
3/3/2014,664.47,,,,143857.44
3/2/2014,555.06,,,,14204.37
3/1/2014,566.61,,,,32891.13
2/28/2014,550.46,,,,51151.03
2/27/2014,581.38,,,,44204.55
2/26/2014,584.61,,,,110551.05
2/25/2014,534.45,,,,237300.42
2/24/2014,547.09,,,,106498.99
2/23/2014,608.41,,,,52166.54
2/22/2014,599.38,,,,51923.57
2/21/2014,572.19,,,,82281.2
2/20/2014,561.11,,,,84532.03
2/19/2014,622.97,,,,22216.79
2/18/2014,624.72,,,,32018.5
2/17/2014,626.5,,,,50938.53
2/16/2014,616.21,,,,65059.82
2/15/2014,651.9,,,,40860.73
2/14/2014,662.32,,,,154492.4
2/13/2014,612.75,,,,64193.68
2/12/2014,654.43,,,,38785.54
2/11/2014,666.46,,,,107912.78
2/10/2014,676.76,,,,166214.54
2/9/2014,682.23,,,,57449.77
2/8/2014,670.33,,,,55535.44
2/7/2014,717.83,,,,161328.03
2/6/2014,780.31,,,,63977.3
2/5/2014,819.26,,,,27792.53
2/4/2014,827.99,,,,20056.54
2/3/2014,823.46,,,,16957.35
2/2/2014,825.2,,,,13672.78
2/1/2014,835.89,,,,23624.54
1/31/2014,828.59,,,,20596.43
1/30/2014,817.87,,,,36533.65
1/29/2014,826.39,,,,21468.23
1/28/2014,816.7,,,,55294.71
1/27/2014,766.78,,,,64094.28
1/26/2014,883.38,,,,36357.04
1/25/2014,851.38,,,,29263.69
1/24/2014,797.71,,,,43853.92
1/23/2014,822.17,,,,18944.62
1/22/2014,845.83,,,,21868.39
1/21/2014,867.11,,,,21412.07
1/20/2014,875.4,,,,31563.81
1/19/2014,861.84,,,,28215.05
1/18/2014,839.19,,,,21406.37
1/17/2014,813.31,,,,47884.43
1/16/2014,838.21,,,,23002.56
1/15/2014,862.07,,,,32649.46
1/14/2014,835.78,,,,24985.16
1/13/2014,844.98,,,,54144.11
1/12/2014,834.12,,,,44586.99
1/11/2014,865.96,,,,39706.11
1/10/2014,912.61,,,,54529.02
1/9/2014,837.04,,,,62614.05
1/8/2014,839.62,,,,53781.12
1/7/2014,859.49,,,,128116.85
1/6/2014,921.75,,,,75467.1
1/5/2014,985.68,,,,96038.26
1/4/2014,867.79,,,,48393.86
1/3/2014,821.99,,,,36000.73
1/2/2014,822.89,,,,61518.38
1/1/2014,772.53,,,,19297.95
12/31/2013,764.27,,,,36325.63
12/30/2013,748.49,,,,26426.36
12/29/2013,750.57,,,,30801.12
12/28/2013,722.38,,,,37859.22
12/27/2013,734.4,,,,49976.62
12/26/2013,752.38,,,,84710.63
12/25/2013,719.59,,,,41444.95
12/24/2013,672.89,,,,33220.44
12/23/2013,666.12,,,,44987.34
12/22/2013,640.85,,,,46897.3
12/21/2013,655.24,,,,66668.62
12/20/2013,618.86,,,,112141.93
12/19/2013,700.52,,,,159920.18
12/18/2013,613.76,,,,301117.78
12/17/2013,510.37,,,,235283.75
12/16/2013,706.34,,,,244756.57
12/15/2013,839.93,,,,39443.16
12/14/2013,836.09,,,,39810.82
12/13/2013,877.83,,,,41211.04
12/12/2013,930.74,,,,49790.52
12/11/2013,872.32,,,,72343.9
12/10/2013,937.26,,,,78426.99
12/9/2013,921.97,,,,70705.81
12/8/2013,897.01,,,,124223.05
12/7/2013,773.43,,,,178798.02
12/6/2013,654.74,,,,303160.89
12/5/2013,1022.37,,,,160181.89
12/4/2013,999.66,,,,101170.67
12/3/2013,1099.04,,,,45625.03
12/2/2013,1047.96,,,,80979.68
12/1/2013,1019.95,,,,199731.84
11/30/2013,1075.16,,,,72943.81
11/29/2013,1132.26,,,,72867.05
11/28/2013,1072.83,,,,124035.72
11/27/2013,978.51,,,,109643.99
11/26/2013,913.95,,,,100421.91
11/25/2013,833.38,,,,84248.95
11/24/2013,793.33,,,,53279.88
11/23/2013,744.89,,,,87719.58
11/22/2013,825.75,,,,88121.34
11/21/2013,707.05,,,,114468.26
11/20/2013,641.23,,,,173925.71
11/19/2013,494.68,,,,247274.82
11/18/2013,685.75,,,,256530.82
11/17/2013,548.26,,,,135794.76
11/16/2013,469.78,,,,61575.13
11/15/2013,431.69,,,,93530.82
11/14/2013,420.77,,,,67524.83
11/13/2013,416.68,,,,127250.03
11/12/2013,370.9,,,,69252.37
11/11/2013,354.66,,,,65959.83
11/10/2013,331.3,,,,112161.91
11/9/2013,325.83,,,,192155.86
11/8/2013,346.52,,,,138789.22
11/7/2013,312.74,,,,155413.28
11/6/2013,287.71,,,,147248.8
11/5/2013,255.44,,,,147146.68
11/4/2013,230.78,,,,80070.86
11/3/2013,215.62,,,,41493.4
11/2/2013,205.83,,,,13422.34
11/1/2013,206.72,,,,15064.62
10/31/2013,203.94,,,,23644.71
10/30/2013,200.79,,,,41369.6
10/29/2013,202.44,,,,42501.5
10/28/2013,200.07,,,,28493.26
10/26/2013,193.52,,,,35146.36
10/25/2013,176.29,,,,57916.09
10/24/2013,181.1,,,,109426.17
10/23/2013,194.62,,,,193890.28
10/22/2013,209.45,,,,84204.17
10/21/2013,191.33,,,,92232.28
10/20/2013,182.4,,,,68448.07
10/19/2013,172.73,,,,23938.37
10/18/2013,168.86,,,,114807.53
10/17/2013,155.01,,,,74351.37
10/16/2013,145.91,,,,62348.49
10/15/2013,143.64,,,,103192.23
10/14/2013,144.47,,,,42628.21
10/13/2013,139.51,,,,74916.35
10/12/2013,137.08,,,,29829.71
10/11/2013,135.12,,,,20943.53
10/10/2013,130.38,,,,22165.88
10/9/2013,129.9,,,,34144.61
10/8/2013,130.99,,,,44948.46
10/7/2013,125.91,,,,28096.35
10/6/2013,128.11,,,,18644.37
10/5/2013,128.49,,,,10040.79
10/4/2013,128.55,,,,10802.91
10/3/2013,129.35,,,,39464.33
10/2/2013,120.06,,,,226914.21
10/1/2013,133.03,,,,22718.9
9/30/2013,133.89,,,,28514.51
9/29/2013,134.09,,,,22006.41
9/28/2013,138.57,,,,26714.24
9/27/2013,133.32,,,,33382.66
9/26/2013,131.45,,,,34038.96
9/25/2013,128.75,,,,16530.79
9/24/2013,128.18,,,,27631.77
9/23/2013,126.31,,,,17558.1
9/22/2013,128.06,,,,10628.17
9/21/2013,128.55,,,,11417.9
9/20/2013,128.24,,,,22850.23
9/19/2013,128.62,,,,41562.83
9/18/2013,131.21,,,,26711.27
9/16/2013,132.08,,,,22774.02
9/15/2013,131.33,,,,22227.68
9/14/2013,130.53,,,,16089.19
9/13/2013,129.14,,,,20949.7
9/12/2013,135.52,,,,38311.19
9/11/2013,134.53,,,,50670.6
9/10/2013,130.69,,,,53157.14
9/9/2013,126.94,,,,25354.35
9/8/2013,126.59,,,,57222.03
9/7/2013,120.75,,,,14262.01
9/6/2013,124.22,,,,33377.3
9/5/2013,120.35,,,,44792.71
9/4/2013,129.29,,,,85410.78
9/3/2013,134.05,,,,19437.14
9/2/2013,136.42,,,,22802.17
9/1/2013,137.57,,,,24668.12
8/31/2013,136.3,,,,55761.55
8/30/2013,131.48,,,,67461.78
8/29/2013,122.43,,,,18865.07
8/28/2013,123.32,,,,24815.3
8/27/2013,124.04,,,,77800.87
8/26/2013,115.53,,,,23949.59
8/25/2013,114.69,,,,19954.85
8/24/2013,114.52,,,,14653.33
8/23/2013,114.32,,,,31221.96
8/22/2013,115.7,,,,28463.42
8/21/2013,115.2,,,,59210.74
8/20/2013,114.14,,,,37158.65
8/19/2013,112.91,,,,76343.18
8/18/2013,109.05,,,,13373.43
8/17/2013,107.16,,,,19071.91
8/16/2013,103.99,,,,23846.62
8/15/2013,105.28,,,,26917.83
8/14/2013,108.21,,,,72480.15
8/13/2013,102.21,,,,33031
8/12/2013,102.04,,,,29121.04
8/11/2013,100.37,,,,12519.09
8/10/2013,96.99,,,,8911.43
8/9/2013,97.51,,,,25121.11
8/8/2013,99.23,,,,43338.62
8/7/2013,100.82,,,,16721.42
8/6/2013,102.11,,,,24455.34
8/5/2013,101.91,,,,28471.36
8/4/2013,100.79,,,,10879.3
8/3/2013,100.24,,,,14569.03
8/2/2013,101.33,,,,46419.57
8/1/2013,101.46,,,,25061.31
7/31/2013,104.48,,,,69414.88
7/30/2013,100.15,,,,42966.3
7/29/2013,97.5,,,,38700.33
7/28/2013,96.84,,,,52991.77
7/27/2013,92.72,,,,20458.46
7/26/2013,93.13,,,,20568.6
7/25/2013,93.4,,,,35790.24
7/24/2013,91.07,,,,25687.95
7/23/2013,90.9,,,,40822.92
7/22/2013,88.33,,,,18288.74
7/21/2013,87.78,,,,13105.41
7/20/2013,89.09,,,,15263.38
7/19/2013,89.65,,,,38600.97
7/18/2013,88.31,,,,87345.71
7/17/2013,95.32,,,,27262.3
7/16/2013,95.2,,,,28743.7
7/15/2013,96.51,,,,52064.24
7/14/2013,93.97,,,,19616.22
7/13/2013,91.8,,,,46105.44
7/12/2013,95.07,,,,147428.21
7/11/2013,86.41,,,,59484.18
7/10/2013,81.09,,,,96022.46
7/9/2013,74.49,,,,54473.51
7/8/2013,76,,,,86388.61
7/7/2013,70.26,,,,54933.2
7/6/2013,69.05,,,,65519.42
7/5/2013,70.82,,,,140692.07
7/4/2013,77.9,,,,98695.33
7/3/2013,82.75,,,,103433.7
7/2/2013,88.13,,,,45900.65
7/1/2013,89.03,,,,85698.58
6/30/2013,94.26,,,,13506.33
6/29/2013,95.08,,,,33063.51
6/28/2013,95.06,,,,72398.29
6/27/2013,100.59,,,,21456.73
6/26/2013,102.27,,,,19089.91
6/25/2013,103.65,,,,103866.38
6/24/2013,101.35,,,,45260.96
6/23/2013,104.93,,,,17227.4
6/22/2013,105.02,,,,15586.35
6/21/2013,108.13,,,,56816.04
6/20/2013,110.04,,,,56288.06
6/19/2013,106.95,,,,27099.22
6/18/2013,106.87,,,,78856.12
6/17/2013,100.72,,,,21984.87
6/16/2013,99.92,,,,13401.97
6/15/2013,100.38,,,,29365.04
6/14/2013,100.54,,,,51765.6
6/13/2013,105.08,,,,43700.99
6/12/2013,108.85,,,,29365.16
6/11/2013,106.83,,,,24965.08
6/10/2013,104.68,,,,85067.77
6/9/2013,98,,,,196833.56
6/8/2013,109.07,,,,27044.26
6/7/2013,112.35,,,,92399.83
6/6/2013,119.73,,,,28975.87
6/5/2013,121.11,,,,24405.15
6/4/2013,120.9,,,,33315.41
6/3/2013,119.12,,,,42772.89
6/2/2013,121.94,,,,123928.63
6/1/2013,128.1,,,,11267.32
5/31/2013,127.95,,,,24090.49
5/30/2013,129.11,,,,37663.43
5/29/2013,129.37,,,,32147.57
5/28/2013,127.18,,,,32154.11
5/27/2013,128.94,,,,59002.65
5/26/2013,132.96,,,,30120.69
5/25/2013,129.9,,,,25080.39
5/24/2013,128.8,,,,68705.96
5/23/2013,123.55,,,,35215.72
5/22/2013,120.96,,,,29564.88
5/21/2013,120.06,,,,20873.61
5/20/2013,120.47,,,,24287.85
5/19/2013,120.08,,,,28457.9
5/18/2013,121.96,,,,29456.47
5/17/2013,119.9,,,,97045.1
5/16/2013,114.23,,,,56914.72
5/15/2013,109.6,,,,141461.11
5/14/2013,114.33,,,,107436.99
5/13/2013,116.34,,,,34113.79
5/12/2013,114.25,,,,26969.05
5/11/2013,115.24,,,,35699.94
5/10/2013,117.3,,,,96380.03
5/9/2013,111.15,,,,37593.99
5/8/2013,112.94,,,,77523.07
5/7/2013,106.63,,,,171517.12
5/6/2013,117.03,,,,183629.07
5/5/2013,113.48,,,,102653.46
5/4/2013,106.64,,,,170565.04
5/3/2013,91.35,,,,306215.37
5/2/2013,106.65,,,,287744.21
5/1/2013,120.87,,,,225293.59
4/30/2013,138.98,,,,82894.47
4/29/2013,141.03,,,,91371.08
4/28/2013,132.3,,,,37734.27
4/27/2013,130.5,,,,75215.8
4/26/2013,131.75,,,,156197.3
4/25/2013,142.61,,,,225732
4/24/2013,150.41,,,,275135.75
4/23/2013,132.85,,,,143728.1
4/22/2013,121.95,,,,74864.49
4/21/2013,119.29,,,,136283.87
4/20/2013,122.9,,,,91508.55
4/19/2013,118.46,,,,315048.39
4/18/2013,96.78,,,,208772.7
4/17/2013,84.85,,,,396386.46
4/16/2013,65.39,,,,668549.18
4/15/2013,86.91,,,,286922.12
4/14/2013,97.19,,,,187043.01
4/13/2013,108.55,,,,287902.09
4/12/2013,84.59,,,,659349.51
4/11/2013,131.95,,,,218886.18
4/10/2013,181.66,,,,257543.79
4/9/2013,213.72,,,,127331.55
4/8/2013,180.39,,,,139433.88
4/7/2013,152.79,,,,76530.37
4/6/2013,140.64,,,,27491.06
4/5/2013,138.43,,,,83915.14
4/4/2013,131.07,,,,102388.61
4/3/2013,127.86,,,,186715.45
4/2/2013,107.26,,,,98947.44
4/1/2013,99.53,,,,106952.72
3/31/2013,92.59,,,,24755.36
3/30/2013,91.55,,,,41577.77
3/29/2013,88.81,,,,92719.81
3/28/2013,87.49,,,,160136.7
3/27/2013,84.86,,,,83382.56
3/26/2013,77.23,,,,67194.66
3/25/2013,74.02,,,,91673.15
3/24/2013,68.62,,,,48755.53
3/23/2013,62.5,,,,168065.43
3/22/2013,70.45,,,,83401.32
3/21/2013,68.89,,,,111903.98
3/20/2013,61.85,,,,105618.69
3/19/2013,55.13,,,,129661.05
3/18/2013,48.63,,,,77088.62
3/17/2013,46.85,,,,17862.61
3/16/2013,46.52,,,,19493.93
3/15/2013,46.68,,,,23820.41
3/14/2013,47.08,,,,43657.33
3/13/2013,46.16,,,,57816.08
3/12/2013,43.65,,,,201142.18
3/11/2013,47.41,,,,48474.26
3/10/2013,46.69,,,,40086.8
3/9/2013,45.28,,,,50008.93
3/8/2013,43.08,,,,52731.55
3/7/2013,40.87,,,,178461.07
3/6/2013,45.18,,,,141609.11
3/5/2013,39.28,,,,95428.74
3/4/2013,35.29,,,,57204.62
3/3/2013,34.01,,,,14788.04
3/2/2013,33.86,,,,39788.04
3/1/2013,34.19,,,,45365.71
2/28/2013,32.67,,,,138125.89
2/27/2013,31.08,,,,37887.46
2/26/2013,30.95,,,,49485.72
2/25/2013,30.04,,,,29653.38
2/24/2013,29.75,,,,26618.85
2/23/2013,28.97,,,,80200.86
2/22/2013,30.44,,,,76379.26
2/21/2013,29.68,,,,40153.53
2/20/2013,29.47,,,,42609.44
2/19/2013,28.18,,,,112747.46
2/18/2013,26.73,,,,34429.7
2/17/2013,26.38,,,,87142.75
2/16/2013,27.07,,,,24540.34
2/15/2013,26.95,,,,58499.74
2/14/2013,25.41,,,,162321.04
2/13/2013,25.47,,,,97711.36
2/12/2013,25.06,,,,86860.84
2/11/2013,24.04,,,,35954.71
2/10/2013,23.41,,,,60795.35
2/9/2013,23.19,,,,42377.2
2/8/2013,22.4,,,,53216.59
2/7/2013,21.55,,,,73905.38
2/6/2013,21.04,,,,59688.86
2/5/2013,20.53,,,,33855.04
2/4/2013,20.41,,,,58735.06
2/3/2013,20.22,,,,39662.34
2/2/2013,19.48,,,,88436.87
2/1/2013,20.7,,,,56241.42
1/31/2013,20.53,,,,110063.46
1/30/2013,19.43,,,,50809.65
1/29/2013,19.14,,,,98623.96
1/28/2013,18.29,,,,66002.95
1/27/2013,17.57,,,,30029.41
1/26/2013,17.13,,,,39107.78
1/25/2013,16.69,,,,89204.88
1/24/2013,17.77,,,,196388.19
1/23/2013,17.2,,,,58029.56
1/22/2013,17.13,,,,68353.86
1/21/2013,16.35,,,,75081.41
1/20/2013,15.67,,,,30272.25
1/19/2013,15.45,,,,37437.3
1/18/2013,15.64,,,,65803.2
1/17/2013,15.14,,,,73812.04
1/16/2013,14.49,,,,53760.72
1/15/2013,14.19,,,,58576.77
1/14/2013,14.19,,,,28206.93
1/13/2013,14.09,,,,41193.78
1/12/2013,14.15,,,,30051.71
1/11/2013,14.1,,,,44371.21
1/10/2013,14.02,,,,60055.16
1/9/2013,13.69,,,,35185.69
1/8/2013,13.66,,,,52160.01
1/7/2013,13.44,,,,32428.79
1/6/2013,13.42,,,,14226.85
1/5/2013,13.38,,,,27169.79
1/4/2013,13.38,,,,34171.37
1/3/2013,13.32,,,,22633.92
1/2/2013,13.29,,,,20312.5
1/1/2013,13.31,,,,31853.98
12/31/2012,13.44,,,,17896.89
12/30/2012,13.41,,,,13857.1
12/29/2012,13.47,,,,27808.65
12/28/2012,13.38,,,,30944.49
12/27/2012,13.32,,,,24556.32
12/26/2012,13.3,,,,19006.14
12/25/2012,13.29,,,,15642.04
12/24/2012,13.34,,,,19562.39
12/23/2012,13.21,,,,25849.15
12/22/2012,13.36,,,,18573.4
12/21/2012,13.45,,,,31065.18
12/20/2012,13.45,,,,41102.42
12/19/2012,13.34,,,,47991.84
12/18/2012,13.2,,,,29564
12/17/2012,13.18,,,,73051.61
12/16/2012,13.35,,,,46291.31
12/15/2012,13.51,,,,17542.09
12/14/2012,13.57,,,,77911.06
12/13/2012,13.62,,,,31077.61
12/12/2012,13.57,,,,43791.71
12/11/2012,13.47,,,,32268.06
12/10/2012,13.36,,,,34636.18
12/9/2012,13.22,,,,31278.72
12/8/2012,13.43,,,,15035.46
12/7/2012,13.32,,,,42176.21
12/6/2012,13.37,,,,53775.91
12/5/2012,13.25,,,,35903
12/4/2012,12.98,,,,72189.04
12/3/2012,12.52,,,,35479.17
12/2/2012,12.51,,,,17544.52
12/1/2012,12.53,,,,18864.06
11/30/2012,12.51,,,,29914.19
11/29/2012,12.39,,,,33220.13
11/28/2012,12.25,,,,37384.25
11/27/2012,12.07,,,,42522.06
11/26/2012,12.34,,,,42345.29
11/25/2012,12.46,,,,27182.54
11/24/2012,12.34,,,,22289.96
11/23/2012,12.25,,,,23456.66
11/22/2012,12.03,,,,72827.06
11/21/2012,11.69,,,,24904.22
11/20/2012,11.68,,,,31729.4
11/19/2012,11.67,,,,34362.57
11/18/2012,11.68,,,,19002.6
11/17/2012,11.64,,,,22861.43
11/16/2012,11.44,,,,71109.72
11/15/2012,11.04,,,,37641.72
11/14/2012,10.93,,,,27473.31
11/13/2012,10.95,,,,22279.24
11/12/2012,10.93,,,,47678.8
11/11/2012,10.72,,,,17455
11/10/2012,10.83,,,,15512.98
11/9/2012,10.81,,,,19607.82
11/8/2012,10.85,,,,33039.05
11/7/2012,10.92,,,,39218.3
11/6/2012,10.76,,,,33778.21
11/5/2012,10.63,,,,34120.42
11/4/2012,10.55,,,,24983.78
11/3/2012,10.48,,,,23415.75
11/2/2012,10.54,,,,32224.55
11/1/2012,10.92,,,,55264.75
10/31/2012,10.99,,,,46251.5
10/30/2012,10.7,,,,33111.96
10/29/2012,10.61,,,,44750.23
10/28/2012,10.53,,,,25587.27
10/27/2012,10.35,,,,51384.62
10/26/2012,10.28,,,,106642.45
10/25/2012,11.02,,,,92861.45
10/24/2012,11.62,,,,27142.88
10/23/2012,11.69,,,,61934.65
10/22/2012,11.65,,,,44351.68
10/21/2012,11.61,,,,13272.01
10/20/2012,11.69,,,,25415.8
10/19/2012,11.73,,,,35461.38
10/18/2012,11.85,,,,25350.12
10/17/2012,11.83,,,,28917.74
10/16/2012,11.78,,,,43937.75
10/15/2012,11.68,,,,33192.16
10/14/2012,11.82,,,,25397.74
10/13/2012,11.88,,,,17933.5
10/12/2012,12.03,,,,24497.5
10/11/2012,12,,,,24797.92
10/10/2012,12.01,,,,34123.19
10/9/2012,11.97,,,,51277.94
10/8/2012,11.25,,,,104904.54
10/7/2012,12.01,,,,69334.49
10/6/2012,12.56,,,,27373.05
10/5/2012,12.68,,,,38600.62
10/4/2012,12.84,,,,45182.37
10/3/2012,12.75,,,,45955.38
10/2/2012,12.56,,,,64776.82
10/1/2012,12.28,,,,34870.12
9/30/2012,12.35,,,,8988.13
9/29/2012,12.36,,,,20366.46
9/28/2012,12.3,,,,32460.78
9/27/2012,12.27,,,,25350.73
9/26/2012,12.19,,,,28237.39
9/25/2012,12.06,,,,26572.57
9/24/2012,12.06,,,,34894
9/23/2012,11.99,,,,43087.01
9/22/2012,12.2,,,,16883.95
9/21/2012,12.26,,,,39632.85
9/20/2012,12.47,,,,36550.42
9/19/2012,12.39,,,,46488.63
9/18/2012,12.03,,,,48650.96
9/17/2012,11.86,,,,32445.04
9/16/2012,11.86,,,,33453.18
9/15/2012,11.69,,,,17872.55
9/14/2012,11.56,,,,48362.47
9/13/2012,11.33,,,,24141.76
9/12/2012,11.19,,,,64111.18
9/11/2012,11.08,,,,75121.59
9/10/2012,11.03,,,,47204.29
9/9/2012,11.03,,,,16380.47
9/8/2012,10.97,,,,28322.97
9/7/2012,11.1,,,,39152.61
9/6/2012,10.94,,,,74206.45
9/5/2012,10.73,,,,65899.54
9/4/2012,10.3,,,,38972.25
9/3/2012,10.34,,,,25474.93
9/2/2012,10.04,,,,27734.48
9/1/2012,9.99,,,,25437.8
8/31/2012,10.19,,,,72571.66
8/30/2012,10.75,,,,33838.4
8/29/2012,10.84,,,,59451.87
8/28/2012,10.89,,,,63646.47
8/27/2012,11.18,,,,185233.96
8/26/2012,10.55,,,,28418.87
8/25/2012,10.44,,,,42241.23
8/24/2012,10.26,,,,98993.86
8/23/2012,10,,,,60424.94
8/22/2012,9.91,,,,78584.19
8/21/2012,10.03,,,,78668.01
8/20/2012,9.51,,,,204044.64
8/19/2012,9.09,,,,249729.48
8/18/2012,11.86,,,,92818.45
8/17/2012,13.31,,,,235650.61
8/16/2012,13.22,,,,103915.27
8/15/2012,12.6,,,,63282.19
8/14/2012,12.08,,,,48977.86
8/13/2012,11.75,,,,64277.98
8/12/2012,11.62,,,,33231.76
8/11/2012,11.49,,,,23214.23
8/10/2012,11.37,,,,73648.72
8/9/2012,11.32,,,,110042.08
8/8/2012,11.01,,,,36054.13
8/7/2012,10.81,,,,49110.5
8/6/2012,10.87,,,,58822.31
8/5/2012,10.6,,,,74893.19
8/4/2012,10.99,,,,56356.48
8/3/2012,10.71,,,,68492.76
8/2/2012,10.1,,,,133500.85
8/1/2012,9.4,,,,77790.61
7/31/2012,9.24,,,,72372.2
7/30/2012,8.92,,,,58025.42
7/29/2012,8.76,,,,13047.72
7/28/2012,8.85,,,,18784.9
7/27/2012,8.88,,,,28979.01
7/26/2012,8.75,,,,35892.42
7/25/2012,8.58,,,,69053.13
7/24/2012,8.61,,,,45954.35
7/23/2012,8.46,,,,156081.22
7/22/2012,8.61,,,,32479.96
7/21/2012,8.87,,,,144540.61
7/20/2012,8.2,,,,159917.65
7/19/2012,9.08,,,,53925.27
7/18/2012,9,,,,115863.21
7/17/2012,8.33,,,,219914.13
7/16/2012,8.05,,,,111331.33
7/15/2012,7.57,,,,29043.65
7/14/2012,7.59,,,,17583.27
7/13/2012,7.63,,,,69318.06
7/12/2012,7.28,,,,70243.04
7/11/2012,7.1,,,,44687.51
7/10/2012,7.09,,,,77769.99
7/9/2012,6.86,,,,73697.58
7/8/2012,6.77,,,,21116.88
7/7/2012,6.76,,,,42251.16
7/6/2012,6.63,,,,47667.23
7/5/2012,6.64,,,,50333.45
7/4/2012,6.5,,,,38970.5
7/3/2012,6.55,,,,76599.93
7/2/2012,6.68,,,,43933.47
7/1/2012,6.6,,,,25330.1
6/30/2012,6.64,,,,27561.15
6/29/2012,6.59,,,,38683.2
6/28/2012,6.56,,,,49106.69
6/27/2012,6.52,,,,58209.52
6/26/2012,6.38,,,,57115.29
6/25/2012,6.3,,,,71616.14
6/24/2012,6.38,,,,40691.77
6/23/2012,6.48,,,,25262.29
6/22/2012,6.58,,,,60850.21
6/21/2012,6.68,,,,54898.3
6/20/2012,6.6,,,,71171.79
6/19/2012,6.43,,,,48431.62
6/18/2012,6.26,,,,51429.69
6/17/2012,6.31,,,,54035.76
6/16/2012,6.45,,,,90218.81
6/15/2012,6.1,,,,73004.44
6/14/2012,5.88,,,,44520.73
6/13/2012,5.85,,,,64507.92
6/12/2012,5.62,,,,93311.58
6/11/2012,5.49,,,,47167.89
6/10/2012,5.46,,,,32005.42
6/9/2012,5.57,,,,44492.86
6/8/2012,5.61,,,,61181.09
6/7/2012,5.49,,,,54470.68
6/6/2012,5.43,,,,45219.39
6/5/2012,5.38,,,,90656.65
6/4/2012,5.23,,,,54323.51
6/3/2012,5.19,,,,16266.07
6/2/2012,5.21,,,,20113.96
6/1/2012,5.23,,,,50232.96
5/31/2012,5.15,,,,44661.34
5/30/2012,5.13,,,,44846.12
5/29/2012,5.1,,,,66644.92
5/28/2012,5.11,,,,32343.98
5/27/2012,5.08,,,,21810.05
5/26/2012,5.09,,,,23228.41
5/25/2012,5.1,,,,29328.53
5/24/2012,5.11,,,,32712.16
5/23/2012,5.12,,,,58979.29
5/22/2012,5.07,,,,49853.61
5/21/2012,5.07,,,,44937.69
5/20/2012,5.1,,,,21998.3
5/19/2012,5.09,,,,26725.79
5/18/2012,5.09,,,,57383.59
5/17/2012,5.07,,,,30047.27
5/16/2012,5.06,,,,75923.36
5/15/2012,4.99,,,,54264.45
5/14/2012,4.98,,,,57834.77
5/13/2012,4.95,,,,16229.36
5/12/2012,4.94,,,,25803.42
5/11/2012,4.92,,,,70556.8
5/10/2012,4.95,,,,78061.25
5/9/2012,5.04,,,,44314.25
5/8/2012,5.02,,,,72979.72
5/7/2012,5.03,,,,50476.44
5/6/2012,5.04,,,,23482.3
5/5/2012,5.04,,,,24771.14
5/4/2012,5.11,,,,48139.82
5/3/2012,5.08,,,,40204.15
5/2/2012,5.07,,,,104859.74
5/1/2012,4.96,,,,38468
4/30/2012,4.94,,,,59158.68
4/29/2012,4.94,,,,23229.31
4/28/2012,4.96,,,,95364.25
4/27/2012,5.07,,,,28907.87
4/26/2012,5.07,,,,64780.5
4/25/2012,5.12,,,,39131.01
4/24/2012,5.06,,,,81969.36
4/23/2012,5.12,,,,54538.37
4/22/2012,5.18,,,,39302.21
4/21/2012,5.27,,,,63914.19
4/20/2012,5.22,,,,111485.44
4/19/2012,5.13,,,,56162.11
4/18/2012,5.07,,,,86727.91
4/17/2012,4.95,,,,33894.46
4/16/2012,4.91,,,,42116.87
4/15/2012,4.92,,,,34633.22
4/14/2012,4.97,,,,68489.72
4/13/2012,4.85,,,,102566.45
4/12/2012,4.86,,,,56477.15
4/11/2012,4.88,,,,71299.88
4/10/2012,4.8,,,,61971.73
4/9/2012,4.75,,,,43886.22
4/8/2012,4.71,,,,44932.46
4/7/2012,4.8,,,,84456.12
4/6/2012,4.93,,,,62942.73
4/5/2012,4.9,,,,38277.52
4/4/2012,4.91,,,,57336.28
4/3/2012,4.9,,,,80447.8
4/2/2012,4.92,,,,87369.1
4/1/2012,4.78,,,,38084.05
3/31/2012,4.88,,,,37531.15
3/30/2012,4.77,,,,44664.89
3/29/2012,4.73,,,,43595.84
3/28/2012,4.79,,,,39295.33
3/27/2012,4.66,,,,77518.59
3/26/2012,4.64,,,,72253.66
3/25/2012,4.5,,,,73543.36
3/24/2012,4.65,,,,40124.4
3/23/2012,4.69,,,,56575.33
3/22/2012,4.75,,,,62474.51
3/21/2012,4.81,,,,48284.29
3/20/2012,4.79,,,,68414.9
3/19/2012,4.88,,,,191687.46
3/18/2012,5.22,,,,26124.69
3/17/2012,5.31,,,,40292.56
3/16/2012,5.33,,,,34279.84
3/15/2012,5.3,,,,44431.88
3/14/2012,5.35,,,,66557.18
3/13/2012,5.15,,,,131788.79
3/12/2012,4.87,,,,24334.29
3/11/2012,4.89,,,,44034.84
3/10/2012,4.8,,,,29747.44
3/9/2012,4.89,,,,34399.55
3/8/2012,4.87,,,,59191.1
3/7/2012,4.92,,,,48072.34
3/6/2012,4.97,,,,46425.13
3/5/2012,4.93,,,,68645.8
3/4/2012,4.8,,,,59641.4
3/3/2012,4.67,,,,41061.89
3/2/2012,4.69,,,,131794.73
3/1/2012,4.92,,,,46227.35
2/29/2012,4.82,,,,28961.23
2/28/2012,4.87,,,,64203.91
2/27/2012,4.93,,,,31086.06
2/26/2012,4.95,,,,71192.69
2/25/2012,4.88,,,,86781.01
2/24/2012,4.97,,,,91451.54
2/23/2012,4.82,,,,166366.72
2/22/2012,4.44,,,,105451.97
2/21/2012,4.31,,,,53194.52
2/20/2012,4.37,,,,39136.55
2/19/2012,4.35,,,,63161.55
2/18/2012,4.27,,,,71150.88
2/17/2012,4.46,,,,137178.35
2/16/2012,4.19,,,,167515.15
2/15/2012,4.58,,,,162859.25
2/14/2012,4.7,,,,299210.01
2/13/2012,5.34,,,,171158.03
2/12/2012,5.6,,,,83126.79
2/11/2012,5.7,,,,70863.96
2/10/2012,5.87,,,,40471.4
2/9/2012,5.75,,,,91046.61
2/8/2012,5.64,,,,239256.37
2/7/2012,5.62,,,,73672.9
2/6/2012,5.55,,,,90794.3
2/5/2012,5.68,,,,121375.76
2/4/2012,5.92,,,,21085.53
2/3/2012,5.92,,,,60462.79
2/2/2012,6.03,,,,55553.16
2/1/2012,5.82,,,,116746.22
1/31/2012,5.53,,,,49164.86
1/30/2012,5.51,,,,42757.95
1/29/2012,5.48,,,,47093.57
1/28/2012,5.57,,,,90550.07
1/27/2012,5.29,,,,117072.29
1/26/2012,5.59,,,,124483.63
1/25/2012,5.88,,,,133966.24
1/24/2012,6.3,,,,36081.52
1/23/2012,6.29,,,,18596.26
1/22/2012,6.29,,,,45282.24
1/21/2012,6.29,,,,65100.95
1/20/2012,6.44,,,,67356.71
1/19/2012,6.18,,,,115458.7
1/18/2012,5.98,,,,227363.99
1/17/2012,6.04,,,,214178.93
1/16/2012,6.83,,,,123869.49
1/15/2012,6.9,,,,62699
1/14/2012,6.59,,,,142982.47
1/13/2012,6.61,,,,61030.15
1/12/2012,6.74,,,,141157.89
1/11/2012,6.81,,,,100713.58
1/10/2012,6.4,,,,110797.84
1/9/2012,6.47,,,,149622.35
1/8/2012,7.03,,,,59204.52
1/7/2012,6.72,,,,48824.63
1/6/2012,6.79,,,,220874.48
1/5/2012,6.2,,,,184803.98
1/4/2012,5.25,,,,132302.61
1/3/2012,4.95,,,,126201.41
1/2/2012,5.21,,,,69590.26
1/1/2012,5.1,,,,109715.97
12/31/2011,4.6,,,,131056.91
12/30/2011,4.19,,,,41730.95
12/29/2011,4.22,,,,53844.05
12/28/2011,4.14,,,,34619.22
12/27/2011,4.02,,,,31427.07
12/26/2011,4.04,,,,89435.39
12/25/2011,4.14,,,,81062.98
12/24/2011,3.92,,,,15579.42
12/23/2011,3.9,,,,21101.04
12/22/2011,3.79,,,,57621.99
12/21/2011,3.93,,,,49632.1
12/20/2011,3.97,,,,187493.36
12/19/2011,3.41,,,,141522.49
12/18/2011,3.2,,,,11370.34
12/17/2011,3.19,,,,16957
12/16/2011,3.18,,,,30928.62
12/15/2011,3.17,,,,30782.06
12/14/2011,3.12,,,,73772.18
12/13/2011,3.21,,,,33480.66
12/12/2011,3.18,,,,40857.21
12/11/2011,3.2,,,,109957.11
12/10/2011,3.04,,,,75433.74
12/9/2011,2.99,,,,35346.14
12/8/2011,2.95,,,,41242.33
12/7/2011,3,,,,59401.09
12/6/2011,2.98,,,,57102.26
12/5/2011,2.87,,,,31533.18
12/4/2011,2.75,,,,95772.81
12/3/2011,2.93,,,,123933.65
12/2/2011,3.1,,,,58549.86
12/1/2011,3.05,,,,65503.57
11/30/2011,2.91,,,,121003.03
11/29/2011,2.79,,,,181329.33
11/28/2011,2.51,,,,42519.93
11/27/2011,2.46,,,,23125.54
11/26/2011,2.48,,,,36412.63
11/25/2011,2.47,,,,45361.86
11/24/2011,2.42,,,,88867.34
11/23/2011,2.32,,,,41113.77
11/22/2011,2.31,,,,35273.62
11/21/2011,2.23,,,,43745.57
11/20/2011,2.28,,,,80777.15
11/19/2011,2.17,,,,79753.9
11/18/2011,2.14,,,,99565.69
11/17/2011,2.23,,,,120547.36
11/16/2011,2.46,,,,44834.6
11/15/2011,2.3,,,,77616
11/14/2011,2.51,,,,384475.29
11/13/2011,3,,,,9780.33
11/12/2011,3.06,,,,20995.48
11/11/2011,2.97,,,,45292.63
11/10/2011,2.87,,,,34708.29
11/9/2011,3,,,,52850.96
11/8/2011,3.09,,,,62115.94
11/7/2011,3,,,,24480.55
11/6/2011,2.96,,,,17543.6
11/5/2011,3.01,,,,53518.09
11/4/2011,3.13,,,,40625.69
11/3/2011,3.21,,,,24922.18
11/2/2011,3.23,,,,32727.8
11/1/2011,3.19,,,,38666.72
10/31/2011,3.19,,,,31543
10/30/2011,3.38,,,,51820.79
10/29/2011,3.54,,,,80533.65
10/28/2011,3.11,,,,53410.78
10/27/2011,2.92,,,,59449.56
10/26/2011,2.75,,,,30326.81
10/25/2011,2.74,,,,102426.43
10/24/2011,2.81,,,,92803.84
10/23/2011,3.08,,,,37764.56
10/22/2011,3.01,,,,121360.17
10/21/2011,2.54,,,,73851.07
10/20/2011,2.31,,,,49371.88
10/19/2011,2.28,,,,102479.86
10/18/2011,2.62,,,,88365.65
10/17/2011,2.85,,,,208676.35
10/16/2011,3.64,,,,37512.1
10/15/2011,3.89,,,,42895.66
10/14/2011,4,,,,21444.18
10/13/2011,4.08,,,,20669.62
10/12/2011,4.07,,,,70098.1
10/11/2011,3.95,,,,41837.43
10/10/2011,4.1,,,,17580.38
10/9/2011,4.19,,,,38169.59
10/8/2011,4.03,,,,40238.24
10/7/2011,4.29,,,,98871.79
10/6/2011,4.68,,,,57609.01
10/5/2011,4.86,,,,20570.04
10/4/2011,4.9,,,,20007.76
10/3/2011,4.94,,,,19569.47
10/2/2011,4.98,,,,10982.6
10/1/2011,5.05,,,,23967.33
9/30/2011,5.01,,,,42893.6
9/29/2011,4.7,,,,16923.63
9/28/2011,4.74,,,,35035.38
9/27/2011,4.84,,,,32240.24
9/26/2011,4.95,,,,58824.78
9/25/2011,5.32,,,,12219.25
9/24/2011,5.41,,,,20257.37
9/23/2011,5.59,,,,57873.1
9/22/2011,5.49,,,,35211.01
9/21/2011,5.62,,,,71983.35
9/20/2011,6.1,,,,120257.28
9/19/2011,5.26,,,,52915.08
9/18/2011,5.11,,,,47284.85
9/17/2011,4.77,,,,23095.8
9/16/2011,4.81,,,,32338.46
9/15/2011,4.97,,,,88688.37
9/14/2011,5.55,,,,45360.18
9/13/2011,5.79,,,,26147.95
9/12/2011,6.04,,,,64182.61
9/11/2011,6.06,,,,145150.7
9/10/2011,5.03,,,,44639.39
9/9/2011,5.31,,,,217540.23
9/8/2011,6.8,,,,31944.44
9/7/2011,7.03,,,,49687.4
9/6/2011,6.73,,,,82558.56
9/5/2011,7.62,,,,30846.84
9/4/2011,8.17,,,,19719.6
9/3/2011,8.53,,,,6975.23
9/2/2011,8.44,,,,16836.29
9/1/2011,8.22,,,,11912.68
8/31/2011,8.35,,,,19683.08
8/30/2011,8.78,,,,11810.88
8/29/2011,8.93,,,,21685.29
8/28/2011,8.97,,,,24159.85
8/27/2011,8.63,,,,22010.04
8/26/2011,8.65,,,,83026.56
8/25/2011,10.01,,,,55547.42
8/24/2011,10.94,,,,7852.55
8/23/2011,11.03,,,,12797.1
8/22/2011,11.03,,,,37055.32
8/21/2011,11.38,,,,8787.2
8/20/2011,11.49,,,,9940.27
8/19/2011,11.4,,,,33765.21
8/18/2011,10.9,,,,8222.8
8/17/2011,10.88,,,,22939.98
8/16/2011,11.05,,,,15334.63
8/15/2011,11.3,,,,38183.53
8/14/2011,10.61,,,,44142.85
8/13/2011,9.8,,,,29759.76
8/12/2011,9.32,,,,41592.12
8/11/2011,9.47,,,,58114.56
8/10/2011,10,,,,24254.45
8/9/2011,9.72,,,,114472.78
8/8/2011,7.74,,,,34042.22
8/7/2011,7.72,,,,89830.96
8/6/2011,7.82,,,,102411.73
8/5/2011,10.27,,,,30765.69
8/4/2011,10.58,,,,50094.1
8/3/2011,10.45,,,,90287.33
8/2/2011,12.39,,,,57242.69
8/1/2011,13.17,,,,21748.09
7/31/2011,13.52,,,,45723.44
7/30/2011,13.53,,,,6104.38
7/29/2011,13.51,,,,7257.51
7/28/2011,13.61,,,,32738.27
7/27/2011,13.96,,,,11508.66
7/26/2011,13.91,,,,16793.86
7/25/2011,14.2,,,,31577.96
7/24/2011,13.86,,,,26623.26
7/23/2011,13.64,,,,22455.6
7/22/2011,13.65,,,,15165.62
7/21/2011,13.66,,,,25018.37
7/20/2011,13.69,,,,23177.9
7/19/2011,14.04,,,,67575.61
7/18/2011,13.03,,,,75896.31
7/17/2011,13.34,,,,34375.47
7/16/2011,13.62,,,,17264.49
7/15/2011,13.9,,,,24819.54
7/14/2011,13.93,,,,17661.16
7/13/2011,14.03,,,,10338.15
7/12/2011,14.15,,,,26356.51
7/11/2011,14.37,,,,49160.01
7/10/2011,15.08,,,,45284.42
7/9/2011,14.39,,,,11909.17
7/8/2011,14.35,,,,34853.42
7/7/2011,15.16,,,,54465.7
7/6/2011,14.8,,,,111818.32
7/5/2011,12.8,,,,84081.15
7/4/2011,14.48,,,,52276.99
7/3/2011,15.48,,,,16792.29
7/2/2011,15.53,,,,19453.24
7/1/2011,15.9,,,,33284.45
6/30/2011,16.51,,,,34961.19
6/29/2011,16.88,,,,21043.37
6/28/2011,16.93,,,,24398.15
6/27/2011,17.01,,,,31452.54
6/26/2011,15.59,,,,15053.93
6/19/2011,17.77,,,,30176.74
6/18/2011,16.04,,,,35536.55
6/17/2011,15.51,,,,108623.77
6/16/2011,18.86,,,,49202.14
6/15/2011,19.68,,,,27711.9
6/14/2011,19.25,,,,36155.99
6/13/2011,20.11,,,,73421.79
6/12/2011,16.21,,,,151194.16
6/11/2011,17.61,,,,121869.97
6/10/2011,24.67,,,,92208.2
6/9/2011,29.58,,,,62933.66
6/8/2011,27.25,,,,104925.16
6/7/2011,19.9,,,,53715.04
6/6/2011,18.46,,,,55092.47
6/5/2011,17.32,,,,24278.97
6/4/2011,16.41,,,,44475.34
6/3/2011,13.08,,,,72980.24
6/2/2011,10.11,,,,41047.27
6/1/2011,9.21,,,,43479.96
5/31/2011,8.88,,,,45794.43
5/30/2011,8.72,,,,17680.15
5/29/2011,8.3,,,,7487.54
5/28/2011,8.45,,,,12247.72
5/27/2011,8.67,,,,14431.84
5/26/2011,8.55,,,,28644.99
5/25/2011,7.98,,,,64049.94
5/24/2011,7.23,,,,29282.48
5/23/2011,7.1,,,,35279.88
5/22/2011,6.47,,,,23872.15
5/21/2011,5.97,,,,31111.9
5/20/2011,6.28,,,,44460.44
5/19/2011,6.96,,,,24436.41
5/18/2011,7.14,,,,25403.44
5/17/2011,7.52,,,,35345.46
5/16/2011,7.77,,,,44141.41
5/15/2011,6.74,,,,18294.87
5/14/2011,7.86,,,,55390.45
5/13/2011,7.48,,,,64003.37
5/12/2011,5.83,,,,31722.46
5/11/2011,5.35,,,,52569.15
5/10/2011,4.74,,,,56217.32
5/9/2011,3.8,,,,11520.93
5/8/2011,3.77,,,,21132.51
5/7/2011,3.61,,,,17833.29
5/6/2011,3.48,,,,23014.7
5/5/2011,3.41,,,,15350.34
5/4/2011,3.44,,,,17278.29
5/3/2011,3.32,,,,16919.18
5/2/2011,3.24,,,,18333.83
5/1/2011,3.14,,,,45772.07
4/30/2011,3.29,,,,65427.8
4/29/2011,2.59,,,,57577.32
4/28/2011,2.03,,,,100238.23
4/27/2011,1.89,,,,33055.26
4/26/2011,1.67,,,,24054.31
4/25/2011,1.58,,,,13471.6
4/24/2011,1.67,,,,21541.69
4/23/2011,1.55,,,,66620.36
4/22/2011,1.29,,,,39415.39
4/21/2011,1.18,,,,39295.69
4/20/2011,1.16,,,,21344.95
4/19/2011,1.18,,,,12556.73
4/18/2011,1.15,,,,27478.69
4/17/2011,1.08,,,,24225.7
4/16/2011,1.04,,,,28869.3
4/15/2011,1,,,,50304.61
4/14/2011,0.95,,,,31111.88
4/13/2011,0.93,,,,43397.56
4/12/2011,0.85,,,,48417.6
4/11/2011,0.77,,,,14645.93
4/10/2011,0.74,,,,5348.98
4/9/2011,0.74,,,,12119.4
4/8/2011,0.76,,,,18207.3
4/7/2011,0.75,,,,10832.99
4/6/2011,0.72,,,,8703.95
4/5/2011,0.67,,,,9730.3
4/4/2011,0.69,,,,31155.46
4/3/2011,0.78,,,,3931.39
4/2/2011,0.79,,,,2493.59
4/1/2011,0.78,,,,3186.77
3/31/2011,0.79,,,,6875.08
3/30/2011,0.79,,,,3218.22
3/29/2011,0.79,,,,4215.02
3/28/2011,0.81,,,,12565.15
3/27/2011,0.83,,,,5337.15
3/26/2011,0.87,,,,11756.42
3/25/2011,0.88,,,,4819.42
3/24/2011,0.88,,,,14009.37
3/23/2011,0.83,,,,13262.26
3/22/2011,0.78,,,,12147.72
3/21/2011,0.75,,,,3695.96
3/20/2011,0.77,,,,5815.32
3/19/2011,0.76,,,,9875.04
3/18/2011,0.77,,,,14226.22
3/17/2011,0.84,,,,7159.78
3/16/2011,0.85,,,,7929.62
3/15/2011,0.88,,,,2732.16
3/14/2011,0.89,,,,5269.24
3/13/2011,0.9,,,,660.31
3/12/2011,0.9,,,,4822.83
3/11/2011,0.89,,,,3725.51
3/10/2011,0.89,,,,8869.01
3/9/2011,0.85,,,,4546.05
3/8/2011,0.87,,,,4527.85
3/7/2011,0.89,,,,15271.27
3/6/2011,0.85,,,,12626.49
3/5/2011,0.88,,,,12570.59
3/4/2011,0.91,,,,2711.89
3/3/2011,0.92,,,,2746.67
3/2/2011,0.92,,,,2741.87
3/1/2011,0.95,,,,22569.78
2/28/2011,0.88,,,,4651.67
2/27/2011,0.93,,,,23268.75
2/26/2011,0.94,,,,4744.41
2/25/2011,0.96,,,,4461.06
2/24/2011,0.95,,,,13418.69
2/23/2011,0.9,,,,6718.87
2/22/2011,0.88,,,,12095.26
2/21/2011,0.84,,,,1700.12
2/20/2011,0.85,,,,9974.05
2/19/2011,0.91,,,,3798.71
2/18/2011,0.89,,,,36948.16
2/17/2011,1.04,,,,4009.84
2/16/2011,1.04,,,,7192.38
2/15/2011,1.05,,,,8616.58
2/14/2011,1.06,,,,7096.55
2/13/2011,1.05,,,,3240.64
2/12/2011,1.06,,,,4118.92
2/11/2011,0.99,,,,13299.18
2/10/2011,0.96,,,,26559.64
2/9/2011,0.96,,,,49632.5
2/8/2011,0.9,,,,7021.29
2/7/2011,0.86,,,,2264.28
2/6/2011,0.87,,,,8744.11
2/5/2011,0.86,,,,15786.81
2/4/2011,0.8,,,,42222.19
2/3/2011,0.71,,,,8524.5
2/2/2011,0.73,,,,5627.48
2/1/2011,0.74,,,,31562.12
1/31/2011,0.51,,,,63516.08
1/30/2011,0.46,,,,10383.59
1/29/2011,0.44,,,,1448.38
1/28/2011,0.43,,,,5324.5
1/27/2011,0.44,,,,27708.2
1/26/2011,0.41,,,,15564.81
1/25/2011,0.42,,,,2163.72
1/24/2011,0.41,,,,11061.94
1/23/2011,0.44,,,,1148.4
1/22/2011,0.43,,,,10534.27
1/21/2011,0.4,,,,8477.55
1/20/2011,0.35,,,,19881.98
1/19/2011,0.31,,,,7291.63
1/18/2011,0.32,,,,15671.51
1/17/2011,0.35,,,,18241.15
1/16/2011,0.39,,,,2778.71
1/15/2011,0.39,,,,1515.66
1/14/2011,0.39,,,,27130.96
1/13/2011,0.36,,,,20118.9
1/12/2011,0.34,,,,31359.77
1/11/2011,0.32,,,,4857.8
1/10/2011,0.32,,,,10355.83
1/9/2011,0.32,,,,1691.37
1/8/2011,0.31,,,,1629.44
1/7/2011,0.31,,,,42601.12
1/6/2011,0.3,,,,3456.49
1/5/2011,0.3,,,,357.16
1/4/2011,0.29,,,,1879
1/3/2011,0.3,,,,1425.19
1/2/2011,0.3,,,,5352.11
1/1/2011,0.3,,,,2821.24
12/31/2010,0.29,,,,1453.72
12/30/2010,0.3,,,,2539.87
12/29/2010,0.29,,,,18609.14
12/28/2010,0.27,,,,15438.71
12/27/2010,0.26,,,,4935.49
12/26/2010,0.25,,,,16584.97
12/25/2010,0.25,,,,703
12/24/2010,0.25,,,,5033.25
12/23/2010,0.25,,,,8650.15
12/22/2010,0.25,,,,3800.46
12/21/2010,0.25,,,,9225.79
12/20/2010,0.26,,,,10682.71
12/19/2010,0.24,,,,2000.76
12/18/2010,0.25,,,,169.11
12/17/2010,0.25,,,,525.51
12/16/2010,0.25,,,,14355.33
12/15/2010,0.24,,,,3684.68
12/14/2010,0.23,,,,10388.1
12/13/2010,0.22,,,,6415.59
12/12/2010,0.21,,,,1963.56
12/11/2010,0.22,,,,5788.69
12/10/2010,0.19,,,,1684.25
12/9/2010,0.21,,,,21336.33
12/8/2010,0.23,,,,3430.41
12/7/2010,0.22,,,,24592.92
12/6/2010,0.2,,,,4319.26
12/5/2010,0.21,,,,5740.18
12/4/2010,0.23,,,,28560.72
12/3/2010,0.25,,,,2570.34
12/2/2010,0.24,,,,20312.23
12/1/2010,0.21,,,,8157.89
11/30/2010,0.21,,,,21476.25
11/29/2010,0.25,,,,35055.4
11/28/2010,0.28,,,,20802.13
11/27/2010,0.28,,,,1825.39
11/26/2010,0.28,,,,33531.88
11/25/2010,0.28,,,,1679.6
11/24/2010,0.28,,,,2514.91
11/23/2010,0.28,,,,4856.92
11/22/2010,0.28,,,,28205.85
11/21/2010,0.28,,,,765
11/20/2010,0.28,,,,14652.69
11/19/2010,0.27,,,,2157.56
11/18/2010,0.27,,,,37446.67
11/17/2010,0.26,,,,32871.6
11/16/2010,0.25,,,,33931.01
11/15/2010,0.27,,,,8507.74
11/14/2010,0.28,,,,16844.33
11/13/2010,0.29,,,,21915.57
11/12/2010,0.26,,,,40720.39
11/11/2010,0.22,,,,5031.88
11/10/2010,0.2,,,,30387.03
11/9/2010,0.27,,,,47983.39
11/8/2010,0.32,,,,118203.83
11/7/2010,0.36,,,,77218.72
11/6/2010,0.29,,,,32756.13
11/5/2010,0.24,,,,36622.07
11/4/2010,0.21,,,,29698.43
11/3/2010,0.19,,,,61472.63
11/2/2010,0.19,,,,5853.39
11/1/2010,0.19,,,,21258.61
10/31/2010,0.19,,,,40337.76
10/30/2010,0.19,,,,26708.94
10/29/2010,0.19,,,,28686.85
10/28/2010,0.19,,,,21525.04
10/27/2010,0.18,,,,65605.87
10/26/2010,0.16,,,,19219.13
10/25/2010,0.15,,,,30299.64
10/24/2010,0.11,,,,13800.23
10/23/2010,0.11,,,,4423.47
10/22/2010,0.11,,,,34603.91
10/21/2010,0.1,,,,44867
10/20/2010,0.1,,,,31855
10/19/2010,0.1,,,,6235.1
10/18/2010,0.1,,,,25665.09
10/17/2010,0.1,,,,18222.19
10/16/2010,0.1,,,,6284.71
10/15/2010,0.1,,,,24643.33
10/14/2010,0.1,,,,37217.28
10/13/2010,0.1,,,,47557.27
10/12/2010,0.09,,,,25660.75
10/11/2010,0.1,,,,14092.91
10/10/2010,0.1,,,,50684.19
10/9/2010,0.09,,,,187846.95
10/8/2010,0.08,,,,139287.29
10/7/2010,0.06,,,,43692.98
10/6/2010,0.06,,,,33433.3
10/5/2010,0.06,,,,27526.61
10/4/2010,0.06,,,,33995.37
10/3/2010,0.06,,,,7172.63
10/2/2010,0.06,,,,13059.74
10/1/2010,0.06,,,,1717.45
9/30/2010,0.06,,,,7917.03
9/29/2010,0.06,,,,23475.64
9/28/2010,0.06,,,,7086.15
9/27/2010,0.06,,,,10752.25
9/26/2010,0.06,,,,12058.13
9/25/2010,0.06,,,,2152.5
9/24/2010,0.06,,,,684.38
9/23/2010,0.06,,,,15505.33
9/22/2010,0.06,,,,11560.4
9/21/2010,0.06,,,,5735.95
9/20/2010,0.06,,,,14307.94
9/19/2010,0.06,,,,12852.17
9/18/2010,0.06,,,,7092.61
9/17/2010,0.06,,,,7262
9/16/2010,0.06,,,,730
9/15/2010,0.06,,,,3651.85
9/14/2010,0.06,,,,14014.81
9/13/2010,0.06,,,,10076.34
9/12/2010,0.06,,,,793.88
9/11/2010,0.06,,,,7749.14
9/10/2010,0.06,,,,4939.79
9/9/2010,0.06,,,,1733.5
9/8/2010,0.06,,,,2345.41
9/7/2010,0.06,,,,3457.19
9/6/2010,0.06,,,,910
9/5/2010,0.06,,,,8459.24
9/4/2010,0.06,,,,3301
9/3/2010,0.06,,,,892
9/2/2010,0.06,,,,8150.73
9/1/2010,0.06,,,,7164.72
8/31/2010,0.06,,,,14886.91
8/30/2010,0.06,,,,34193.14
8/29/2010,0.06,,,,3173.4
8/28/2010,0.06,,,,6174.01
8/27/2010,0.06,,,,9009.97
8/26/2010,0.07,,,,3870.01
8/25/2010,0.07,,,,4228.88
8/24/2010,0.07,,,,6711.76
8/23/2010,0.07,,,,4297.49
8/22/2010,0.06,,,,18648.97
8/21/2010,0.07,,,,10443.86
8/20/2010,0.07,,,,4199.75
8/19/2010,0.07,,,,741.12
8/18/2010,0.07,,,,2953.98
8/17/2010,0.07,,,,13185.74
8/16/2010,0.06,,,,10731.47
8/15/2010,0.07,,,,4462.87
8/14/2010,0.07,,,,4404.2
8/13/2010,0.07,,,,3591.77
8/12/2010,0.07,,,,2062.31
8/11/2010,0.07,,,,14061.18
8/10/2010,0.07,,,,1310.39
8/9/2010,0.07,,,,13631.09
8/8/2010,0.06,,,,2201
8/7/2010,0.06,,,,2619
8/6/2010,0.06,,,,1395
8/5/2010,0.06,,,,5034.07
8/4/2010,0.06,,,,3494
8/3/2010,0.06,,,,9821.46
8/2/2010,0.06,,,,3599
8/1/2010,0.06,,,,2601
7/31/2010,0.06,,,,4022.25
7/30/2010,0.07,,,,3020.85
7/29/2010,0.07,,,,8058.49
7/28/2010,0.06,,,,4390.29
7/27/2010,0.06,,,,3373.69
7/26/2010,0.05,,,,877
7/25/2010,0.05,,,,1551.48
7/24/2010,0.05,,,,496.32
7/23/2010,0.06,,,,2402.5
7/22/2010,0.06,,,,2160
7/21/2010,0.07,,,,575
7/20/2010,0.08,,,,262
7/19/2010,0.09,,,,574
7/18/2010,0.07,,,,75.01
7/17/2010,0.05,,,,20
